State,Date,Exem_total,Rebate_total,Tax_total,GNT_total,Other_Total,Loans_Total
AL,2018-01-01T08:00:00Z,1,0,0,0,0,0
AL,2018-02-01T08:00:00Z,1,0,0,0,0,0
AL,2018-03-01T08:00:00Z,1,0,0,0,0,0
AL,2018-04-01T07:00:00Z,1,0,0,0,0,0
AL,2018-05-01T07:00:00Z,1,0,0,0,0,0
AL,2018-06-01T07:00:00Z,1,0,0,0,0,0
AL,2018-07-01T07:00:00Z,1,0,0,0,0,0
AL,2018-08-01T07:00:00Z,1,0,0,0,0,0
AL,2018-09-01T07:00:00Z,1,0,0,0,0,0
AL,2018-10-01T07:00:00Z,1,0,0,0,0,0
AL,2018-11-01T07:00:00Z,1,0,0,0,0,0
AL,2018-12-01T08:00:00Z,1,0,0,0,0,0
AL,2019-01-01T08:00:00Z,1,0,0,0,0,0
AL,2019-02-01T08:00:00Z,1,0,0,0,0,0
AL,2019-03-01T08:00:00Z,1,0,0,0,0,0
AL,2019-04-01T07:00:00Z,1,0,0,0,0,0
AL,2019-05-01T07:00:00Z,1,0,0,0,0,0
AL,2019-06-01T07:00:00Z,1,0,0,0,0,0
AL,2019-07-01T07:00:00Z,1,0,0,0,0,0
AL,2019-08-01T07:00:00Z,1,0,0,0,0,0
AL,2019-09-01T07:00:00Z,1,0,0,0,0,0
AL,2019-10-01T07:00:00Z,1,0,0,0,0,0
AL,2019-11-01T07:00:00Z,1,0,0,0,0,0
AL,2019-12-01T08:00:00Z,1,0,0,0,0,0
AL,2020-01-01T08:00:00Z,1,0,0,0,0,0
AR,2018-01-01T08:00:00Z,0,1,0,0,0,0
AR,2018-02-01T08:00:00Z,0,1,0,0,0,0
AR,2018-03-01T08:00:00Z,0,1,0,0,0,0
AR,2018-04-01T07:00:00Z,0,1,0,0,0,0
AR,2018-05-01T07:00:00Z,0,1,0,0,0,0
AR,2018-06-01T07:00:00Z,0,1,0,0,0,0
AR,2018-07-01T07:00:00Z,0,1,0,0,0,0
AR,2018-08-01T07:00:00Z,0,1,0,0,0,0
AR,2018-09-01T07:00:00Z,0,1,0,0,0,0
AR,2018-10-01T07:00:00Z,0,1,0,0,0,0
AR,2018-11-01T07:00:00Z,0,1,0,0,0,0
AR,2018-12-01T08:00:00Z,0,1,0,0,0,0
AR,2019-01-01T08:00:00Z,0,1,0,0,0,0
AR,2019-02-01T08:00:00Z,0,1,0,0,0,0
AZ,2018-01-01T08:00:00Z,4,0,0,0,0,0
AZ,2018-02-01T08:00:00Z,4,0,0,0,0,0
AZ,2018-03-01T08:00:00Z,4,0,0,0,0,0
AZ,2018-04-01T07:00:00Z,4,0,0,0,0,0
AZ,2018-05-01T07:00:00Z,4,0,0,0,0,0
AZ,2018-06-01T07:00:00Z,4,0,0,0,0,0
AZ,2018-07-01T07:00:00Z,4,0,0,0,0,0
AZ,2018-08-01T07:00:00Z,4,0,0,0,0,0
AZ,2018-09-01T07:00:00Z,4,0,0,0,0,0
AZ,2018-10-01T07:00:00Z,4,0,0,0,0,0
AZ,2018-11-01T07:00:00Z,4,0,0,0,0,0
AZ,2018-12-01T08:00:00Z,4,0,0,0,0,0
AZ,2019-01-01T08:00:00Z,4,0,0,0,0,0
AZ,2019-02-01T08:00:00Z,4,0,0,0,0,0
AZ,2019-03-01T08:00:00Z,4,0,0,0,0,0
AZ,2019-04-01T07:00:00Z,4,0,0,0,0,0
AZ,2019-05-01T07:00:00Z,4,0,0,0,0,0
AZ,2019-06-01T07:00:00Z,4,0,0,0,0,0
AZ,2019-07-01T07:00:00Z,4,0,0,0,0,0
AZ,2019-08-01T07:00:00Z,4,0,0,0,0,0
AZ,2019-09-01T07:00:00Z,4,0,0,0,0,0
AZ,2019-10-01T07:00:00Z,4,0,0,0,0,0
AZ,2019-11-01T07:00:00Z,4,0,0,0,0,0
AZ,2019-12-01T08:00:00Z,4,0,0,0,0,0
AZ,2020-01-01T08:00:00Z,4,0,0,0,0,0
CA,2018-01-01T08:00:00Z,1,6,1,3,0,2
CA,2018-02-01T08:00:00Z,1,5,1,3,0,2
CA,2018-03-01T08:00:00Z,1,5,1,3,0,2
CA,2018-04-01T07:00:00Z,1,5,1,3,0,2
CA,2018-05-01T07:00:00Z,1,5,1,3,0,2
CA,2018-06-01T07:00:00Z,1,5,1,3,0,2
CA,2018-07-01T07:00:00Z,1,5,1,3,0,2
CA,2018-08-01T07:00:00Z,1,5,1,3,0,2
CA,2018-09-01T07:00:00Z,1,5,1,3,0,2
CA,2018-10-01T07:00:00Z,2,5,1,3,0,2
CA,2018-11-01T07:00:00Z,2,5,1,3,0,2
CA,2018-12-01T08:00:00Z,2,5,1,3,0,2
CA,2019-01-01T08:00:00Z,2,5,1,3,0,2
CA,2019-02-01T08:00:00Z,2,5,1,3,0,2
CA,2019-03-01T08:00:00Z,2,5,1,3,0,2
CA,2019-04-01T07:00:00Z,2,5,1,3,0,2
CA,2019-05-01T07:00:00Z,2,5,1,3,0,2
CA,2019-06-01T07:00:00Z,2,5,1,3,0,2
CA,2019-07-01T07:00:00Z,2,4,1,2,0,2
CA,2019-08-01T07:00:00Z,2,4,1,2,0,2
CA,2019-09-01T07:00:00Z,2,4,1,2,0,2
CA,2019-10-01T07:00:00Z,2,4,1,2,0,2
CA,2019-11-01T07:00:00Z,2,4,1,2,0,2
CA,2019-12-01T08:00:00Z,2,4,1,2,0,2
CA,2020-01-01T08:00:00Z,2,4,1,2,0,2
CO,2018-01-01T08:00:00Z,4,0,1,1,0,0
CO,2018-02-01T08:00:00Z,4,0,1,1,0,0
CO,2018-03-01T08:00:00Z,4,0,1,1,0,0
CO,2018-04-01T07:00:00Z,4,0,1,1,0,0
CO,2018-05-01T07:00:00Z,4,0,1,1,0,0
CO,2018-06-01T07:00:00Z,4,0,1,1,0,0
CO,2018-07-01T07:00:00Z,4,0,1,1,0,0
CO,2018-08-01T07:00:00Z,4,0,1,1,0,0
CO,2018-09-01T07:00:00Z,4,0,1,1,0,0
CO,2018-10-01T07:00:00Z,4,0,1,1,0,0
CO,2018-11-01T07:00:00Z,4,0,1,1,0,0
CO,2018-12-01T08:00:00Z,4,0,1,1,0,0
CO,2019-01-01T08:00:00Z,4,0,1,1,0,0
CO,2019-02-01T08:00:00Z,4,0,1,1,0,0
CO,2019-03-01T08:00:00Z,4,0,1,1,0,0
CO,2019-04-01T07:00:00Z,4,0,1,1,0,0
CO,2019-05-01T07:00:00Z,4,0,1,1,0,0
CO,2019-06-01T07:00:00Z,4,0,1,1,0,0
CO,2019-07-01T07:00:00Z,4,0,1,1,0,0
CO,2019-08-01T07:00:00Z,4,0,1,1,0,0
CO,2019-09-01T07:00:00Z,4,0,1,1,0,0
CO,2019-10-01T07:00:00Z,4,0,1,1,0,0
CO,2019-11-01T07:00:00Z,3,0,1,1,0,0
CO,2019-12-01T08:00:00Z,3,0,1,1,0,0
CO,2020-01-01T08:00:00Z,3,0,1,1,0,0
CT,2018-01-01T08:00:00Z,1,0,0,0,1,0
CT,2018-02-01T08:00:00Z,1,0,0,0,1,0
CT,2018-03-01T08:00:00Z,1,0,0,0,1,0
CT,2018-04-01T07:00:00Z,1,0,0,0,1,0
CT,2018-05-01T07:00:00Z,1,0,0,0,1,0
CT,2018-06-01T07:00:00Z,1,0,0,0,1,0
CT,2018-07-01T07:00:00Z,1,0,0,0,1,0
CT,2018-08-01T07:00:00Z,1,0,0,0,1,0
CT,2018-09-01T07:00:00Z,1,0,0,0,1,0
CT,2018-10-01T07:00:00Z,1,0,0,0,1,0
CT,2018-11-01T07:00:00Z,1,0,0,0,1,0
CT,2018-12-01T08:00:00Z,1,0,0,0,1,0
CT,2019-01-01T08:00:00Z,1,0,0,0,1,0
CT,2019-02-01T08:00:00Z,1,0,0,0,1,0
CT,2019-03-01T08:00:00Z,1,0,0,0,1,0
CT,2019-04-01T07:00:00Z,1,0,0,0,1,0
CT,2019-05-01T07:00:00Z,1,0,0,0,1,0
CT,2019-06-01T07:00:00Z,1,0,0,0,1,0
CT,2019-07-01T07:00:00Z,1,0,0,0,1,0
CT,2019-08-01T07:00:00Z,1,0,0,0,1,0
CT,2019-09-01T07:00:00Z,1,0,0,0,1,0
CT,2019-10-01T07:00:00Z,1,0,0,0,1,0
CT,2019-11-01T07:00:00Z,1,0,0,0,1,0
CT,2019-12-01T08:00:00Z,1,0,0,0,1,0
CT,2020-01-01T08:00:00Z,1,0,0,0,1,0
DC,2018-01-01T08:00:00Z,1,0,2,0,0,0
DC,2018-02-01T08:00:00Z,1,0,2,0,0,0
DC,2018-03-01T08:00:00Z,1,0,2,0,0,0
DC,2018-04-01T07:00:00Z,1,0,2,0,0,0
DC,2018-05-01T07:00:00Z,1,0,2,0,0,0
DC,2018-06-01T07:00:00Z,1,0,2,0,0,0
DC,2018-07-01T07:00:00Z,1,0,2,0,0,0
DC,2018-08-01T07:00:00Z,1,0,2,0,0,0
DC,2018-09-01T07:00:00Z,1,0,2,0,0,0
DC,2018-10-01T07:00:00Z,1,0,2,0,0,0
DC,2018-11-01T07:00:00Z,1,0,2,0,0,0
DC,2018-12-01T08:00:00Z,1,0,2,0,0,0
DC,2019-01-01T08:00:00Z,1,0,2,0,0,0
DC,2019-02-01T08:00:00Z,1,0,2,0,0,0
DC,2019-03-01T08:00:00Z,1,0,2,0,0,0
DC,2019-04-01T07:00:00Z,1,0,2,0,0,0
DC,2019-05-01T07:00:00Z,1,0,2,0,0,0
DC,2019-06-01T07:00:00Z,1,0,2,0,0,0
DC,2019-07-01T07:00:00Z,1,0,2,0,0,0
DC,2019-08-01T07:00:00Z,1,0,2,0,0,0
DC,2019-09-01T07:00:00Z,1,0,2,0,0,0
DC,2019-10-01T07:00:00Z,1,0,2,0,0,0
DC,2019-11-01T07:00:00Z,1,0,2,0,0,0
DC,2019-12-01T08:00:00Z,1,0,2,0,0,0
DC,2020-01-01T08:00:00Z,1,0,2,0,0,0
DE,2018-01-01T08:00:00Z,1,2,0,0,0,0
DE,2018-02-01T08:00:00Z,1,2,0,0,0,0
DE,2018-03-01T08:00:00Z,1,2,0,0,0,0
DE,2018-04-01T07:00:00Z,1,2,0,0,0,0
DE,2018-05-01T07:00:00Z,1,2,0,0,0,0
DE,2018-06-01T07:00:00Z,1,2,0,0,0,0
DE,2018-07-01T07:00:00Z,1,2,0,0,0,0
DE,2018-08-01T07:00:00Z,1,2,0,0,0,0
DE,2018-09-01T07:00:00Z,1,2,0,0,0,0
DE,2018-10-01T07:00:00Z,1,2,0,0,0,0
DE,2018-11-01T07:00:00Z,1,2,0,0,0,0
DE,2018-12-01T08:00:00Z,1,2,0,0,0,0
DE,2019-01-01T08:00:00Z,1,2,0,0,0,0
DE,2019-02-01T08:00:00Z,1,2,0,0,0,0
DE,2019-03-01T08:00:00Z,1,2,0,0,0,0
DE,2019-04-01T07:00:00Z,1,2,0,0,0,0
DE,2019-05-01T07:00:00Z,1,2,0,0,0,0
DE,2019-06-01T07:00:00Z,1,2,0,0,0,0
DE,2019-07-01T07:00:00Z,1,2,0,0,0,0
DE,2019-08-01T07:00:00Z,1,2,0,0,0,0
DE,2019-09-01T07:00:00Z,1,2,0,0,0,0
DE,2019-10-01T07:00:00Z,1,2,0,0,0,0
DE,2019-11-01T07:00:00Z,1,2,0,0,0,0
DE,2019-12-01T08:00:00Z,1,2,0,0,0,0
DE,2020-01-01T08:00:00Z,1,2,0,0,0,0
FL,2018-01-01T08:00:00Z,2,0,0,0,0,0
FL,2018-02-01T08:00:00Z,2,0,0,0,0,0
FL,2018-03-01T08:00:00Z,2,0,0,0,0,0
FL,2018-04-01T07:00:00Z,2,0,0,0,0,0
FL,2018-05-01T07:00:00Z,2,0,0,0,0,0
FL,2018-06-01T07:00:00Z,2,0,0,0,0,0
FL,2018-07-01T07:00:00Z,2,0,0,0,0,0
FL,2018-08-01T07:00:00Z,2,0,0,0,0,0
FL,2018-09-01T07:00:00Z,2,0,0,0,0,0
FL,2018-10-01T07:00:00Z,2,0,0,0,0,0
FL,2018-11-01T07:00:00Z,2,0,0,0,0,0
FL,2018-12-01T08:00:00Z,2,0,0,0,0,0
FL,2019-01-01T08:00:00Z,2,0,0,0,0,0
FL,2019-02-01T08:00:00Z,2,0,0,0,0,0
FL,2019-03-01T08:00:00Z,2,0,0,0,0,0
FL,2019-04-01T07:00:00Z,2,0,0,0,0,0
FL,2019-05-01T07:00:00Z,2,0,0,0,0,0
FL,2019-06-01T07:00:00Z,2,0,0,0,0,0
FL,2019-07-01T07:00:00Z,2,0,0,0,0,0
FL,2019-08-01T07:00:00Z,2,0,0,0,0,0
FL,2019-09-01T07:00:00Z,2,0,0,0,0,0
FL,2019-10-01T07:00:00Z,2,0,0,0,0,0
FL,2019-11-01T07:00:00Z,1,0,0,0,0,0
FL,2019-12-01T08:00:00Z,1,0,0,0,0,0
FL,2020-01-01T08:00:00Z,1,0,0,0,0,0
GA,2018-01-01T08:00:00Z,2,0,0,0,0,0
GA,2018-02-01T08:00:00Z,2,0,0,0,0,0
GA,2018-03-01T08:00:00Z,2,0,0,0,0,0
GA,2018-04-01T07:00:00Z,2,0,0,0,0,0
GA,2018-05-01T07:00:00Z,2,0,0,0,0,0
GA,2018-06-01T07:00:00Z,2,0,0,0,0,0
GA,2018-07-01T07:00:00Z,2,0,0,0,0,0
GA,2018-08-01T07:00:00Z,2,0,0,0,0,0
GA,2018-09-01T07:00:00Z,2,0,0,0,0,0
GA,2018-10-01T07:00:00Z,2,0,0,0,0,0
GA,2018-11-01T07:00:00Z,2,0,0,0,0,0
GA,2018-12-01T08:00:00Z,2,0,0,0,0,0
GA,2019-01-01T08:00:00Z,2,0,0,0,0,0
GA,2019-02-01T08:00:00Z,2,0,0,0,0,0
GA,2019-03-01T08:00:00Z,2,0,0,0,0,0
GA,2019-04-01T07:00:00Z,2,0,0,0,0,0
GA,2019-05-01T07:00:00Z,2,0,0,0,0,0
GA,2019-06-01T07:00:00Z,2,0,0,0,0,0
GA,2019-07-01T07:00:00Z,2,0,0,0,0,0
GA,2019-08-01T07:00:00Z,2,0,0,0,0,0
GA,2019-09-01T07:00:00Z,2,0,0,0,0,0
GA,2019-10-01T07:00:00Z,2,0,0,0,0,0
GA,2019-11-01T07:00:00Z,2,0,0,0,0,0
GA,2019-12-01T08:00:00Z,2,0,0,0,0,0
GA,2020-01-01T08:00:00Z,2,0,0,0,0,0
HI,2018-01-01T08:00:00Z,1,0,0,0,0,0
HI,2018-02-01T08:00:00Z,1,0,0,0,0,0
HI,2018-03-01T08:00:00Z,1,0,0,0,0,0
HI,2018-04-01T07:00:00Z,1,0,0,0,0,0
HI,2018-05-01T07:00:00Z,1,0,0,0,0,0
HI,2018-06-01T07:00:00Z,1,0,0,0,0,0
HI,2018-07-01T07:00:00Z,1,0,0,0,0,0
HI,2018-08-01T07:00:00Z,1,0,0,0,0,0
HI,2018-09-01T07:00:00Z,1,0,0,0,0,0
HI,2018-10-01T07:00:00Z,1,0,0,0,0,0
HI,2018-11-01T07:00:00Z,1,0,0,0,0,0
HI,2018-12-01T08:00:00Z,1,0,0,0,0,0
HI,2019-01-01T08:00:00Z,1,0,0,0,0,0
HI,2019-02-01T08:00:00Z,1,0,0,0,0,0
HI,2019-03-01T08:00:00Z,1,0,0,0,0,0
HI,2019-04-01T07:00:00Z,1,0,0,0,0,0
HI,2019-05-01T07:00:00Z,1,0,0,0,0,0
HI,2019-06-01T07:00:00Z,1,0,0,0,0,0
HI,2019-07-01T07:00:00Z,1,0,0,0,0,0
HI,2019-08-01T07:00:00Z,1,0,0,0,0,0
HI,2019-09-01T07:00:00Z,1,0,0,0,0,0
HI,2019-10-01T07:00:00Z,1,0,0,0,0,0
HI,2019-11-01T07:00:00Z,1,0,0,0,0,0
HI,2019-12-01T08:00:00Z,1,0,0,0,0,0
HI,2020-01-01T08:00:00Z,1,0,0,0,0,0
IA,2018-01-01T08:00:00Z,1,1,0,0,0,0
IA,2018-02-01T08:00:00Z,1,1,0,0,0,0
IA,2018-03-01T08:00:00Z,1,1,0,0,0,0
IA,2018-04-01T07:00:00Z,1,1,0,0,0,0
IA,2018-05-01T07:00:00Z,1,1,0,0,0,0
IA,2018-06-01T07:00:00Z,1,1,0,0,0,0
IA,2018-07-01T07:00:00Z,1,1,0,0,0,0
IA,2018-08-01T07:00:00Z,1,1,0,0,0,0
IA,2018-09-01T07:00:00Z,1,1,0,0,0,0
IA,2018-10-01T07:00:00Z,1,1,0,0,0,0
IA,2018-11-01T07:00:00Z,1,1,0,0,0,0
IA,2018-12-01T08:00:00Z,1,1,0,0,0,0
IA,2019-01-01T08:00:00Z,1,1,0,0,0,0
IA,2019-02-01T08:00:00Z,1,1,0,0,0,0
IA,2019-03-01T08:00:00Z,1,1,0,0,0,0
IA,2019-04-01T07:00:00Z,1,1,0,0,0,0
IA,2019-05-01T07:00:00Z,1,1,0,0,0,0
IA,2019-06-01T07:00:00Z,1,1,0,0,0,0
IA,2019-07-01T07:00:00Z,1,1,0,0,0,0
IA,2019-08-01T07:00:00Z,1,1,0,0,0,0
IA,2019-09-01T07:00:00Z,1,1,0,0,0,0
IA,2019-10-01T07:00:00Z,1,1,0,0,0,0
IA,2019-11-01T07:00:00Z,1,1,0,0,0,0
IA,2019-12-01T08:00:00Z,1,1,0,0,0,0
IA,2020-01-01T08:00:00Z,1,1,0,0,0,0
ID,2018-01-01T08:00:00Z,1,0,0,0,0,0
ID,2018-02-01T08:00:00Z,1,0,0,0,0,0
ID,2018-03-01T08:00:00Z,1,0,0,0,0,0
ID,2018-04-01T07:00:00Z,1,0,0,0,0,0
ID,2018-05-01T07:00:00Z,1,0,0,0,0,0
ID,2018-06-01T07:00:00Z,1,0,0,0,0,0
ID,2018-07-01T07:00:00Z,1,0,0,0,0,0
ID,2018-08-01T07:00:00Z,1,0,0,0,0,0
ID,2018-09-01T07:00:00Z,1,0,0,0,0,0
ID,2018-10-01T07:00:00Z,1,0,0,0,0,0
ID,2018-11-01T07:00:00Z,1,0,0,0,0,0
ID,2018-12-01T08:00:00Z,1,0,0,0,0,0
ID,2019-01-01T08:00:00Z,1,0,0,0,0,0
ID,2019-02-01T08:00:00Z,1,0,0,0,0,0
ID,2019-03-01T08:00:00Z,1,0,0,0,0,0
ID,2019-04-01T07:00:00Z,1,0,0,0,0,0
ID,2019-05-01T07:00:00Z,1,0,0,0,0,0
ID,2019-06-01T07:00:00Z,1,0,0,0,0,0
ID,2019-07-01T07:00:00Z,1,0,0,0,0,0
ID,2019-08-01T07:00:00Z,1,0,0,0,0,0
ID,2019-09-01T07:00:00Z,1,0,0,0,0,0
ID,2019-10-01T07:00:00Z,1,0,0,0,0,0
ID,2019-11-01T07:00:00Z,1,0,0,0,0,0
ID,2019-12-01T08:00:00Z,1,0,0,0,0,0
ID,2020-01-01T08:00:00Z,1,0,0,0,0,0
IL,2018-01-01T08:00:00Z,3,0,0,0,0,0
IL,2018-02-01T08:00:00Z,3,0,0,0,0,0
IL,2018-03-01T08:00:00Z,3,0,0,0,0,0
IL,2018-04-01T07:00:00Z,3,0,0,0,0,0
IL,2018-05-01T07:00:00Z,3,0,0,0,0,0
IL,2018-06-01T07:00:00Z,3,0,0,0,0,0
IL,2018-07-01T07:00:00Z,3,0,0,0,0,0
IL,2018-08-01T07:00:00Z,3,0,0,0,0,0
IL,2018-09-01T07:00:00Z,3,0,0,0,0,0
IL,2018-10-01T07:00:00Z,3,0,0,0,0,0
IL,2018-11-01T07:00:00Z,3,0,0,0,0,0
IL,2018-12-01T08:00:00Z,3,0,0,0,0,0
IL,2019-01-01T08:00:00Z,3,0,0,0,0,0
IL,2019-02-01T08:00:00Z,3,0,0,0,0,0
IL,2019-03-01T08:00:00Z,3,0,0,0,0,0
IL,2019-04-01T07:00:00Z,3,0,0,0,0,0
IL,2019-05-01T07:00:00Z,3,0,0,0,0,0
IL,2019-06-01T07:00:00Z,3,0,0,0,0,0
IL,2019-07-01T07:00:00Z,3,0,0,0,0,0
IL,2019-08-01T07:00:00Z,3,0,0,0,0,0
IL,2019-09-01T07:00:00Z,3,0,0,0,0,0
IL,2019-10-01T07:00:00Z,3,0,0,0,0,0
IL,2019-11-01T07:00:00Z,3,0,0,0,0,0
IL,2019-12-01T08:00:00Z,3,0,0,0,0,0
IL,2020-01-01T08:00:00Z,3,0,0,0,0,0
IN,2018-01-01T08:00:00Z,1,1,2,0,1,0
IN,2018-02-01T08:00:00Z,1,1,2,0,1,0
IN,2018-03-01T08:00:00Z,1,1,2,0,1,0
IN,2018-04-01T07:00:00Z,1,1,2,0,1,0
IN,2018-05-01T07:00:00Z,1,1,2,0,1,0
IN,2018-06-01T07:00:00Z,1,1,2,0,1,0
IN,2018-07-01T07:00:00Z,1,1,2,0,1,0
IN,2018-08-01T07:00:00Z,1,1,2,0,1,0
IN,2018-09-01T07:00:00Z,1,1,2,0,1,0
IN,2018-10-01T07:00:00Z,1,1,2,0,1,0
IN,2018-11-01T07:00:00Z,1,1,2,0,1,0
IN,2018-12-01T08:00:00Z,1,1,2,0,1,0
IN,2019-01-01T08:00:00Z,1,0,2,0,0,0
IN,2019-02-01T08:00:00Z,1,0,2,0,0,0
IN,2019-03-01T08:00:00Z,1,0,2,0,0,0
IN,2019-04-01T07:00:00Z,1,0,2,0,0,0
IN,2019-05-01T07:00:00Z,1,0,2,0,0,0
IN,2019-06-01T07:00:00Z,1,0,2,0,0,0
IN,2019-07-01T07:00:00Z,1,0,2,0,0,0
IN,2019-08-01T07:00:00Z,1,0,2,0,0,0
IN,2019-09-01T07:00:00Z,1,0,2,0,0,0
IN,2019-10-01T07:00:00Z,1,0,2,0,0,0
IN,2019-11-01T07:00:00Z,1,0,2,0,0,0
IN,2019-12-01T08:00:00Z,1,0,2,0,0,0
IN,2020-01-01T08:00:00Z,1,0,2,0,0,0
KS,2018-01-01T08:00:00Z,1,0,0,0,0,0
KS,2018-02-01T08:00:00Z,1,0,0,0,0,0
KS,2018-03-01T08:00:00Z,1,0,0,0,0,0
KS,2018-04-01T07:00:00Z,1,0,0,0,0,0
KS,2018-05-01T07:00:00Z,1,0,0,0,0,0
KS,2018-06-01T07:00:00Z,1,0,0,0,0,0
KS,2018-07-01T07:00:00Z,1,0,0,0,0,0
KS,2018-08-01T07:00:00Z,1,0,0,0,0,0
KS,2018-09-01T07:00:00Z,1,0,0,0,0,0
KS,2018-10-01T07:00:00Z,1,0,0,0,0,0
KS,2018-11-01T07:00:00Z,1,0,0,0,0,0
KS,2018-12-01T08:00:00Z,1,0,0,0,0,0
KS,2019-01-01T08:00:00Z,1,0,0,0,0,0
KS,2019-02-01T08:00:00Z,1,0,0,0,0,0
KS,2019-03-01T08:00:00Z,1,0,0,0,0,0
KS,2019-04-01T07:00:00Z,1,0,0,0,0,0
KS,2019-05-01T07:00:00Z,1,0,0,0,0,0
KS,2019-06-01T07:00:00Z,1,0,0,0,0,0
KS,2019-07-01T07:00:00Z,1,0,0,0,0,0
KS,2019-08-01T07:00:00Z,1,0,0,0,0,0
KS,2019-09-01T07:00:00Z,1,0,0,0,0,0
KS,2019-10-01T07:00:00Z,1,0,0,0,0,0
KS,2019-11-01T07:00:00Z,1,0,0,0,0,0
KS,2019-12-01T08:00:00Z,1,0,0,0,0,0
KS,2020-01-01T08:00:00Z,1,0,0,0,0,0
LA,2018-01-01T08:00:00Z,1,0,1,0,0,0
LA,2018-02-01T08:00:00Z,1,0,1,0,0,0
LA,2018-03-01T08:00:00Z,1,0,1,0,0,0
LA,2018-04-01T07:00:00Z,1,0,1,0,0,0
LA,2018-05-01T07:00:00Z,1,0,1,0,0,0
LA,2018-06-01T07:00:00Z,1,0,1,0,0,0
LA,2018-07-01T07:00:00Z,1,0,1,0,0,0
LA,2018-08-01T07:00:00Z,1,0,1,0,0,0
LA,2018-09-01T07:00:00Z,1,0,1,0,0,0
LA,2018-10-01T07:00:00Z,1,0,1,0,0,0
LA,2018-11-01T07:00:00Z,1,0,1,0,0,0
LA,2018-12-01T08:00:00Z,1,0,1,0,0,0
LA,2019-01-01T08:00:00Z,1,0,1,0,0,0
LA,2019-02-01T08:00:00Z,1,0,1,0,0,0
LA,2019-03-01T08:00:00Z,1,0,1,0,0,0
LA,2019-04-01T07:00:00Z,1,0,1,0,0,0
LA,2019-05-01T07:00:00Z,1,0,1,0,0,0
LA,2019-06-01T07:00:00Z,1,0,1,0,0,0
LA,2019-07-01T07:00:00Z,1,0,1,0,0,0
LA,2019-08-01T07:00:00Z,1,0,1,0,0,0
LA,2019-09-01T07:00:00Z,1,0,1,0,0,0
LA,2019-10-01T07:00:00Z,1,0,1,0,0,0
LA,2019-11-01T07:00:00Z,1,0,1,0,0,0
LA,2019-12-01T08:00:00Z,1,0,1,0,0,0
LA,2020-01-01T08:00:00Z,1,0,1,0,0,0
MA,2018-01-01T08:00:00Z,2,1,0,0,0,0
MA,2018-02-01T08:00:00Z,2,1,0,0,0,0
MA,2018-03-01T08:00:00Z,2,1,0,0,0,0
MA,2018-04-01T07:00:00Z,2,1,0,0,0,0
MA,2018-05-01T07:00:00Z,2,1,0,0,0,0
MA,2018-06-01T07:00:00Z,2,1,0,0,0,0
MA,2018-07-01T07:00:00Z,2,1,0,0,0,0
MA,2018-08-01T07:00:00Z,2,1,0,0,0,0
MA,2018-09-01T07:00:00Z,2,1,0,0,0,0
MA,2018-10-01T07:00:00Z,2,1,0,0,0,0
MA,2018-11-01T07:00:00Z,2,1,0,0,0,0
MA,2018-12-01T08:00:00Z,2,1,0,0,0,0
MA,2019-01-01T08:00:00Z,2,1,0,0,0,0
MA,2019-02-01T08:00:00Z,2,1,0,0,0,0
MA,2019-03-01T08:00:00Z,2,1,0,0,0,0
MA,2019-04-01T07:00:00Z,2,1,0,0,0,0
MA,2019-05-01T07:00:00Z,2,1,0,0,0,0
MA,2019-06-01T07:00:00Z,2,1,0,0,0,0
MA,2019-07-01T07:00:00Z,2,1,0,0,0,0
MA,2019-08-01T07:00:00Z,2,1,0,0,0,0
MA,2019-09-01T07:00:00Z,2,1,0,0,0,0
MA,2019-10-01T07:00:00Z,2,1,0,0,0,0
MA,2019-11-01T07:00:00Z,2,1,0,0,0,0
MA,2019-12-01T08:00:00Z,2,1,0,0,0,0
MA,2020-01-01T08:00:00Z,2,0,0,0,0,0
MD,2018-01-01T08:00:00Z,2,1,1,0,1,0
MD,2018-02-01T08:00:00Z,2,1,1,0,1,0
MD,2018-03-01T08:00:00Z,2,1,1,0,1,0
MD,2018-04-01T07:00:00Z,2,1,1,0,1,0
MD,2018-05-01T07:00:00Z,2,1,1,0,1,0
MD,2018-06-01T07:00:00Z,2,1,1,0,1,0
MD,2018-07-01T07:00:00Z,2,1,1,0,1,0
MD,2018-08-01T07:00:00Z,2,1,1,0,1,0
MD,2018-09-01T07:00:00Z,2,1,1,0,1,0
MD,2018-10-01T07:00:00Z,2,1,1,0,1,0
MD,2018-11-01T07:00:00Z,2,1,1,0,1,0
MD,2018-12-01T08:00:00Z,2,1,1,0,1,0
MD,2019-01-01T08:00:00Z,2,1,1,0,1,0
MD,2019-02-01T08:00:00Z,2,1,1,0,1,0
MD,2019-03-01T08:00:00Z,2,1,1,0,1,0
MD,2019-04-01T07:00:00Z,2,1,1,0,1,0
MD,2019-05-01T07:00:00Z,2,1,1,0,1,0
MD,2019-06-01T07:00:00Z,2,1,1,0,1,0
MD,2019-07-01T07:00:00Z,2,1,1,0,1,0
MD,2019-08-01T07:00:00Z,2,1,1,0,1,0
MD,2019-09-01T07:00:00Z,2,1,1,0,1,0
MD,2019-10-01T07:00:00Z,2,1,1,0,1,0
MD,2019-11-01T07:00:00Z,2,1,1,0,1,0
MD,2019-12-01T08:00:00Z,2,1,1,0,1,0
MD,2020-01-01T08:00:00Z,2,1,1,0,1,0
ME,2018-01-01T08:00:00Z,1,0,0,0,0,0
ME,2018-02-01T08:00:00Z,1,0,0,0,0,0
ME,2018-03-01T08:00:00Z,1,0,0,0,0,0
ME,2018-04-01T07:00:00Z,1,0,0,0,0,0
ME,2018-05-01T07:00:00Z,1,0,0,0,0,0
ME,2018-06-01T07:00:00Z,1,0,0,0,0,0
ME,2018-07-01T07:00:00Z,1,0,0,0,0,0
ME,2018-08-01T07:00:00Z,1,0,0,0,0,0
ME,2018-09-01T07:00:00Z,1,0,0,0,0,0
ME,2018-10-01T07:00:00Z,1,0,0,0,0,0
ME,2018-11-01T07:00:00Z,1,0,0,0,0,0
ME,2018-12-01T08:00:00Z,1,0,0,0,0,0
ME,2019-01-01T08:00:00Z,1,0,0,0,0,0
ME,2019-02-01T08:00:00Z,1,0,0,0,0,0
ME,2019-03-01T08:00:00Z,1,0,0,0,0,0
ME,2019-04-01T07:00:00Z,1,0,0,0,0,0
ME,2019-05-01T07:00:00Z,1,0,0,0,0,0
ME,2019-06-01T07:00:00Z,1,0,0,0,0,0
ME,2019-07-01T07:00:00Z,1,1,0,0,0,0
ME,2019-08-01T07:00:00Z,1,1,0,0,0,0
ME,2019-09-01T07:00:00Z,1,1,0,0,0,0
ME,2019-10-01T07:00:00Z,1,1,0,0,0,0
ME,2019-11-01T07:00:00Z,1,1,0,0,0,0
ME,2019-12-01T08:00:00Z,1,1,0,0,0,0
ME,2020-01-01T08:00:00Z,1,1,0,0,0,0
MI,2018-01-01T08:00:00Z,2,0,0,0,1,0
MI,2018-02-01T08:00:00Z,2,0,0,0,1,0
MI,2018-03-01T08:00:00Z,2,0,0,0,1,0
MI,2018-04-01T07:00:00Z,2,0,0,0,1,0
MI,2018-05-01T07:00:00Z,2,0,0,0,1,0
MI,2018-06-01T07:00:00Z,2,0,0,0,1,0
MI,2018-07-01T07:00:00Z,2,0,0,0,1,0
MI,2018-08-01T07:00:00Z,2,0,0,0,1,0
MI,2018-09-01T07:00:00Z,2,0,0,0,1,0
MI,2018-10-01T07:00:00Z,2,0,0,0,1,0
MI,2018-11-01T07:00:00Z,2,0,0,0,1,0
MI,2018-12-01T08:00:00Z,2,0,0,0,1,0
MI,2019-01-01T08:00:00Z,2,0,0,0,1,0
MI,2019-02-01T08:00:00Z,2,0,0,0,1,0
MI,2019-03-01T08:00:00Z,2,0,0,0,1,0
MI,2019-04-01T07:00:00Z,2,0,0,0,1,0
MI,2019-05-01T07:00:00Z,2,0,0,0,1,0
MI,2019-06-01T07:00:00Z,2,0,0,0,1,0
MI,2019-07-01T07:00:00Z,2,0,0,0,1,0
MI,2019-08-01T07:00:00Z,2,0,0,0,1,0
MI,2019-09-01T07:00:00Z,2,0,0,0,1,0
MI,2019-10-01T07:00:00Z,2,0,0,0,1,0
MI,2019-11-01T07:00:00Z,2,0,0,0,1,0
MI,2019-12-01T08:00:00Z,2,0,0,0,1,0
MI,2020-01-01T08:00:00Z,2,0,0,0,1,0
MN,2018-01-01T08:00:00Z,1,1,0,0,0,0
MN,2018-02-01T08:00:00Z,1,1,0,0,0,0
MN,2018-03-01T08:00:00Z,1,1,0,0,0,0
MN,2018-04-01T07:00:00Z,1,1,0,0,0,0
MN,2018-05-01T07:00:00Z,1,1,0,0,0,0
MN,2018-06-01T07:00:00Z,1,1,0,0,0,0
MN,2018-07-01T07:00:00Z,1,1,0,0,0,0
MN,2018-08-01T07:00:00Z,1,1,0,0,0,0
MN,2018-09-01T07:00:00Z,1,1,0,0,0,0
MN,2018-10-01T07:00:00Z,1,1,0,0,0,0
MN,2018-11-01T07:00:00Z,1,1,0,0,0,0
MN,2018-12-01T08:00:00Z,1,1,0,0,0,0
MN,2019-01-01T08:00:00Z,1,1,0,0,0,0
MN,2019-02-01T08:00:00Z,1,1,0,0,0,0
MN,2019-03-01T08:00:00Z,1,1,0,0,0,0
MN,2019-04-01T07:00:00Z,1,1,0,0,0,0
MN,2019-05-01T07:00:00Z,1,1,0,0,0,0
MN,2019-06-01T07:00:00Z,1,1,0,0,0,0
MN,2019-07-01T07:00:00Z,1,1,0,0,0,0
MN,2019-08-01T07:00:00Z,1,1,0,0,0,0
MN,2019-09-01T07:00:00Z,1,1,0,0,0,0
MN,2019-10-01T07:00:00Z,1,1,0,0,0,0
MN,2019-11-01T07:00:00Z,1,1,0,0,0,0
MN,2019-12-01T08:00:00Z,1,1,0,0,0,0
MN,2020-01-01T08:00:00Z,1,1,0,0,0,0
MO,2018-01-01T08:00:00Z,2,0,0,0,0,0
MO,2018-02-01T08:00:00Z,2,0,0,0,0,0
MO,2018-03-01T08:00:00Z,2,0,0,0,0,0
MO,2018-04-01T07:00:00Z,2,0,0,0,0,0
MO,2018-05-01T07:00:00Z,2,0,0,0,0,0
MO,2018-06-01T07:00:00Z,2,0,0,0,0,0
MO,2018-07-01T07:00:00Z,2,0,0,0,0,0
MO,2018-08-01T07:00:00Z,2,0,0,0,0,0
MO,2018-09-01T07:00:00Z,2,0,0,0,0,0
MO,2018-10-01T07:00:00Z,2,0,0,0,0,0
MO,2018-11-01T07:00:00Z,2,0,0,0,0,0
MO,2018-12-01T08:00:00Z,2,0,0,0,0,0
MO,2019-01-01T08:00:00Z,2,0,0,0,0,0
MO,2019-02-01T08:00:00Z,2,0,0,0,0,0
MO,2019-03-01T08:00:00Z,2,0,0,0,0,0
MO,2019-04-01T07:00:00Z,2,0,0,0,0,0
MO,2019-05-01T07:00:00Z,2,0,0,0,0,0
MO,2019-06-01T07:00:00Z,2,0,0,0,0,0
MO,2019-07-01T07:00:00Z,2,0,0,0,0,0
MO,2019-08-01T07:00:00Z,2,0,0,0,0,0
MO,2019-09-01T07:00:00Z,2,0,0,0,0,0
MO,2019-10-01T07:00:00Z,2,0,0,0,0,0
MO,2019-11-01T07:00:00Z,2,0,0,0,0,0
MO,2019-12-01T08:00:00Z,2,0,0,0,0,0
MO,2020-01-01T08:00:00Z,2,0,0,0,0,0
NC,2018-01-01T08:00:00Z,3,0,0,0,0,0
NC,2018-02-01T08:00:00Z,3,0,0,0,0,0
NC,2018-03-01T08:00:00Z,3,0,0,0,0,0
NC,2018-04-01T07:00:00Z,3,0,0,0,0,0
NC,2018-05-01T07:00:00Z,3,0,0,0,0,0
NC,2018-06-01T07:00:00Z,3,0,0,0,0,0
NC,2018-07-01T07:00:00Z,3,0,0,0,0,0
NC,2018-08-01T07:00:00Z,3,0,0,0,0,0
NC,2018-09-01T07:00:00Z,3,0,0,0,0,0
NC,2018-10-01T07:00:00Z,3,0,0,0,0,0
NC,2018-11-01T07:00:00Z,3,0,0,0,0,0
NC,2018-12-01T08:00:00Z,3,0,0,0,0,0
NC,2019-01-01T08:00:00Z,3,0,0,0,0,0
NC,2019-02-01T08:00:00Z,3,0,0,0,0,0
NC,2019-03-01T08:00:00Z,3,0,0,0,0,0
NC,2019-04-01T07:00:00Z,3,0,0,0,0,0
NC,2019-05-01T07:00:00Z,3,0,0,0,0,0
NC,2019-06-01T07:00:00Z,3,0,0,0,0,0
NC,2019-07-01T07:00:00Z,3,0,0,0,0,0
NC,2019-08-01T07:00:00Z,3,0,0,0,0,0
NC,2019-09-01T07:00:00Z,3,0,0,0,0,0
NC,2019-10-01T07:00:00Z,3,0,0,0,0,0
NC,2019-11-01T07:00:00Z,3,0,0,0,0,0
NC,2019-12-01T08:00:00Z,3,0,0,0,0,0
NC,2020-01-01T08:00:00Z,3,0,0,0,0,0
NE,2018-01-01T08:00:00Z,1,3,0,0,0,0
NE,2018-02-01T08:00:00Z,1,3,0,0,0,0
NE,2018-03-01T08:00:00Z,1,0,0,0,0,0
NE,2018-04-01T07:00:00Z,1,0,0,0,0,0
NE,2018-05-01T07:00:00Z,2,0,0,0,0,0
NE,2018-06-01T07:00:00Z,2,0,0,0,0,0
NE,2018-07-01T07:00:00Z,2,0,0,0,0,0
NE,2018-08-01T07:00:00Z,2,0,0,0,0,0
NE,2018-09-01T07:00:00Z,2,0,0,0,0,0
NE,2018-10-01T07:00:00Z,2,0,0,0,0,0
NE,2018-11-01T07:00:00Z,2,0,0,0,0,0
NE,2018-12-01T08:00:00Z,2,0,0,0,0,0
NE,2019-01-01T08:00:00Z,2,0,0,0,0,0
NE,2019-02-01T08:00:00Z,2,0,0,0,0,0
NE,2019-03-01T08:00:00Z,2,0,0,0,0,0
NE,2019-04-01T07:00:00Z,2,0,0,0,0,0
NE,2019-05-01T07:00:00Z,2,0,0,0,0,0
NE,2019-06-01T07:00:00Z,2,0,0,0,0,0
NE,2019-07-01T07:00:00Z,2,0,0,0,0,0
NE,2019-08-01T07:00:00Z,2,0,0,0,0,0
NE,2019-09-01T07:00:00Z,2,0,0,0,0,0
NE,2019-10-01T07:00:00Z,2,0,0,0,0,0
NE,2019-11-01T07:00:00Z,2,0,0,0,0,0
NE,2019-12-01T08:00:00Z,2,0,0,0,0,0
NE,2020-01-01T08:00:00Z,2,0,0,0,0,0
NH,2018-01-01T08:00:00Z,1,0,0,0,0,0
NH,2018-02-01T08:00:00Z,1,0,0,0,0,0
NH,2018-03-01T08:00:00Z,1,0,0,0,0,0
NH,2018-04-01T07:00:00Z,1,0,0,0,0,0
NH,2018-05-01T07:00:00Z,1,0,0,0,0,0
NH,2018-06-01T07:00:00Z,1,0,0,0,0,0
NH,2018-07-01T07:00:00Z,1,0,0,0,0,0
NH,2018-08-01T07:00:00Z,1,0,0,0,0,0
NH,2018-09-01T07:00:00Z,1,0,0,0,0,0
NH,2018-10-01T07:00:00Z,1,0,0,0,0,0
NH,2018-11-01T07:00:00Z,1,0,0,0,0,0
NH,2018-12-01T08:00:00Z,1,0,0,0,0,0
NH,2019-01-01T08:00:00Z,1,0,0,0,0,0
NH,2019-02-01T08:00:00Z,1,0,0,0,0,0
NH,2019-03-01T08:00:00Z,1,0,0,0,0,0
NH,2019-04-01T07:00:00Z,1,0,0,0,0,0
NH,2019-05-01T07:00:00Z,1,0,0,0,0,0
NH,2019-06-01T07:00:00Z,1,0,0,0,0,0
NH,2019-07-01T07:00:00Z,1,0,0,0,0,0
NH,2019-08-01T07:00:00Z,1,0,0,0,0,0
NH,2019-09-01T07:00:00Z,1,0,0,0,0,0
NH,2019-10-01T07:00:00Z,1,0,0,0,0,0
NH,2019-11-01T07:00:00Z,1,0,0,0,0,0
NH,2019-12-01T08:00:00Z,1,0,0,0,0,0
NH,2020-01-01T08:00:00Z,1,0,0,0,0,0
NJ,2018-01-01T08:00:00Z,2,0,1,0,0,0
NJ,2018-02-01T08:00:00Z,3,0,1,0,0,0
NJ,2018-03-01T08:00:00Z,3,0,1,0,0,0
NJ,2018-04-01T07:00:00Z,3,0,1,0,0,0
NJ,2018-05-01T07:00:00Z,3,0,1,0,0,0
NJ,2018-06-01T07:00:00Z,3,0,1,0,0,0
NJ,2018-07-01T07:00:00Z,3,0,1,0,0,0
NJ,2018-08-01T07:00:00Z,3,0,1,0,0,0
NJ,2018-09-01T07:00:00Z,3,0,1,0,0,0
NJ,2018-10-01T07:00:00Z,3,0,1,0,0,0
NJ,2018-11-01T07:00:00Z,3,0,1,0,0,0
NJ,2018-12-01T08:00:00Z,3,0,1,0,0,0
NJ,2019-01-01T08:00:00Z,3,0,1,0,0,0
NJ,2019-02-01T08:00:00Z,3,0,1,0,0,0
NJ,2019-03-01T08:00:00Z,3,0,1,0,0,0
NJ,2019-04-01T07:00:00Z,3,0,1,0,0,0
NJ,2019-05-01T07:00:00Z,3,0,1,0,0,0
NJ,2019-06-01T07:00:00Z,3,0,1,0,0,0
NJ,2019-07-01T07:00:00Z,3,0,1,0,0,0
NJ,2019-08-01T07:00:00Z,3,0,1,0,0,0
NJ,2019-09-01T07:00:00Z,3,0,1,0,0,0
NJ,2019-10-01T07:00:00Z,3,0,1,0,0,0
NJ,2019-11-01T07:00:00Z,3,0,1,0,0,0
NJ,2019-12-01T08:00:00Z,3,0,1,0,0,0
NJ,2020-01-01T08:00:00Z,3,0,1,0,0,0
NM,2018-01-01T08:00:00Z,1,0,0,0,0,0
NM,2018-02-01T08:00:00Z,1,0,0,0,0,0
NM,2018-03-01T08:00:00Z,1,0,0,0,0,0
NM,2018-04-01T07:00:00Z,1,0,0,0,0,0
NM,2018-05-01T07:00:00Z,1,0,0,0,0,0
NM,2018-06-01T07:00:00Z,1,0,0,0,0,0
NM,2018-07-01T07:00:00Z,1,0,0,0,0,0
NM,2018-08-01T07:00:00Z,1,0,0,0,0,0
NM,2018-09-01T07:00:00Z,1,0,0,0,0,0
NM,2018-10-01T07:00:00Z,1,0,0,0,0,0
NM,2018-11-01T07:00:00Z,1,0,0,0,0,0
NM,2018-12-01T08:00:00Z,1,0,0,0,0,0
NM,2019-01-01T08:00:00Z,1,0,0,0,0,0
NM,2019-02-01T08:00:00Z,1,0,0,0,0,0
NM,2019-03-01T08:00:00Z,1,0,0,0,0,0
NM,2019-04-01T07:00:00Z,1,0,0,0,0,0
NM,2019-05-01T07:00:00Z,1,0,0,0,0,0
NM,2019-06-01T07:00:00Z,1,0,0,0,0,0
NM,2019-07-01T07:00:00Z,1,0,0,0,0,0
NM,2019-08-01T07:00:00Z,1,0,0,0,0,0
NM,2019-09-01T07:00:00Z,1,0,0,0,0,0
NM,2019-10-01T07:00:00Z,1,0,0,0,0,0
NM,2019-11-01T07:00:00Z,1,0,0,0,0,0
NM,2019-12-01T08:00:00Z,1,0,0,0,0,0
NM,2020-01-01T08:00:00Z,1,0,0,0,0,0
NV,2018-01-01T08:00:00Z,1,0,0,0,1,0
NV,2018-02-01T08:00:00Z,0,0,0,0,1,0
NV,2018-03-01T08:00:00Z,0,0,0,0,1,0
NV,2018-04-01T07:00:00Z,0,0,0,0,1,0
NV,2018-05-01T07:00:00Z,0,0,0,0,1,0
NV,2018-06-01T07:00:00Z,0,0,0,0,1,0
NV,2018-07-01T07:00:00Z,0,0,0,0,1,0
NV,2018-08-01T07:00:00Z,0,0,0,0,1,0
NV,2018-09-01T07:00:00Z,0,0,0,0,1,0
NV,2018-10-01T07:00:00Z,0,0,0,0,1,0
NV,2018-11-01T07:00:00Z,0,0,0,0,1,0
NV,2018-12-01T08:00:00Z,0,0,0,0,1,0
NV,2019-01-01T08:00:00Z,0,0,0,0,1,0
NV,2019-02-01T08:00:00Z,0,0,0,0,1,0
NV,2019-03-01T08:00:00Z,0,0,0,0,1,0
NV,2019-04-01T07:00:00Z,0,0,0,0,1,0
NV,2019-05-01T07:00:00Z,0,0,0,0,1,0
NV,2019-06-01T07:00:00Z,1,0,0,0,1,0
NV,2019-07-01T07:00:00Z,1,0,0,0,1,0
NV,2019-08-01T07:00:00Z,1,0,0,0,1,0
NV,2019-09-01T07:00:00Z,1,0,0,0,1,0
NV,2019-10-01T07:00:00Z,1,0,0,0,1,0
NV,2019-11-01T07:00:00Z,1,0,0,0,1,0
NV,2019-12-01T08:00:00Z,1,0,0,0,1,0
NV,2020-01-01T08:00:00Z,1,0,0,0,1,0
NY,2018-01-01T08:00:00Z,3,1,0,0,0,0
NY,2018-02-01T08:00:00Z,3,1,0,0,0,0
NY,2018-03-01T08:00:00Z,3,1,0,0,0,0
NY,2018-04-01T07:00:00Z,3,1,0,0,0,0
NY,2018-05-01T07:00:00Z,3,1,0,0,0,0
NY,2018-06-01T07:00:00Z,3,1,0,0,0,0
NY,2018-07-01T07:00:00Z,3,1,0,0,0,0
NY,2018-08-01T07:00:00Z,3,1,0,0,0,0
NY,2018-09-01T07:00:00Z,3,1,0,0,0,0
NY,2018-10-01T07:00:00Z,3,1,0,0,0,0
NY,2018-11-01T07:00:00Z,3,1,0,0,0,0
NY,2018-12-01T08:00:00Z,3,1,0,0,0,0
NY,2019-01-01T08:00:00Z,3,1,0,0,0,0
NY,2019-02-01T08:00:00Z,3,1,0,0,0,0
NY,2019-03-01T08:00:00Z,3,1,0,0,0,0
NY,2019-04-01T07:00:00Z,3,1,0,0,0,0
NY,2019-05-01T07:00:00Z,3,1,0,0,0,0
NY,2019-06-01T07:00:00Z,3,1,0,0,0,0
NY,2019-07-01T07:00:00Z,3,1,0,0,0,0
NY,2019-08-01T07:00:00Z,3,1,0,0,0,0
NY,2019-09-01T07:00:00Z,3,1,0,0,0,0
NY,2019-10-01T07:00:00Z,3,1,0,0,0,0
NY,2019-11-01T07:00:00Z,3,1,0,0,0,0
NY,2019-12-01T08:00:00Z,3,1,0,0,0,0
NY,2020-01-01T08:00:00Z,3,1,0,0,0,0
OH,2018-01-01T08:00:00Z,2,0,0,0,0,0
OH,2018-02-01T08:00:00Z,2,0,0,0,0,0
OH,2018-03-01T08:00:00Z,2,0,0,0,0,0
OH,2018-04-01T07:00:00Z,2,0,0,0,0,0
OH,2018-05-01T07:00:00Z,2,0,0,0,0,0
OH,2018-06-01T07:00:00Z,2,0,0,0,0,0
OH,2018-07-01T07:00:00Z,2,0,0,0,0,0
OH,2018-08-01T07:00:00Z,2,0,0,0,0,0
OH,2018-09-01T07:00:00Z,2,0,0,0,0,0
OH,2018-10-01T07:00:00Z,2,0,0,0,0,0
OH,2018-11-01T07:00:00Z,2,0,0,0,0,0
OH,2018-12-01T08:00:00Z,2,0,0,0,0,0
OH,2019-01-01T08:00:00Z,2,0,0,0,0,0
OH,2019-02-01T08:00:00Z,2,0,0,0,0,0
OH,2019-03-01T08:00:00Z,2,0,0,0,0,0
OH,2019-04-01T07:00:00Z,2,0,0,0,0,0
OH,2019-05-01T07:00:00Z,2,0,0,0,0,0
OH,2019-06-01T07:00:00Z,2,0,0,0,0,0
OH,2019-07-01T07:00:00Z,2,0,0,0,0,0
OH,2019-08-01T07:00:00Z,2,0,0,0,0,0
OH,2019-09-01T07:00:00Z,2,0,0,0,0,0
OH,2019-10-01T07:00:00Z,2,0,0,0,0,0
OH,2019-11-01T07:00:00Z,2,0,0,0,0,0
OH,2019-12-01T08:00:00Z,2,0,0,0,0,0
OH,2020-01-01T08:00:00Z,2,0,0,0,0,0
OK,2018-01-01T08:00:00Z,1,0,0,0,0,0
OK,2018-02-01T08:00:00Z,1,0,0,0,0,0
OK,2018-03-01T08:00:00Z,1,0,0,0,0,0
OK,2018-04-01T07:00:00Z,1,0,0,0,0,0
OK,2018-05-01T07:00:00Z,1,0,0,0,0,0
OK,2018-06-01T07:00:00Z,1,0,0,0,0,0
OK,2018-07-01T07:00:00Z,1,0,0,0,0,0
OK,2018-08-01T07:00:00Z,1,0,0,0,0,0
OK,2018-09-01T07:00:00Z,1,0,0,0,0,0
OK,2018-10-01T07:00:00Z,1,0,0,0,0,0
OK,2018-11-01T07:00:00Z,1,0,0,0,0,0
OK,2018-12-01T08:00:00Z,1,0,0,0,0,0
OK,2019-01-01T08:00:00Z,1,0,0,0,0,0
OK,2019-02-01T08:00:00Z,1,0,0,0,0,0
OK,2019-03-01T08:00:00Z,1,0,0,0,0,0
OK,2019-04-01T07:00:00Z,1,0,0,0,0,0
OK,2019-05-01T07:00:00Z,1,0,0,0,0,0
OK,2019-06-01T07:00:00Z,1,0,0,0,0,0
OK,2019-07-01T07:00:00Z,1,0,0,0,0,0
OK,2019-08-01T07:00:00Z,1,0,0,0,0,0
OK,2019-09-01T07:00:00Z,1,0,0,0,0,0
OK,2019-10-01T07:00:00Z,1,0,0,0,0,0
OK,2019-11-01T07:00:00Z,1,0,0,0,0,0
OK,2019-12-01T08:00:00Z,1,0,0,0,0,0
OK,2020-01-01T08:00:00Z,1,0,0,0,0,0
OR,2018-01-01T08:00:00Z,3,1,1,0,0,0
OR,2018-02-01T08:00:00Z,3,1,1,0,0,0
OR,2018-03-01T08:00:00Z,3,1,1,0,0,0
OR,2018-04-01T07:00:00Z,3,1,1,0,0,0
OR,2018-05-01T07:00:00Z,3,1,1,0,0,0
OR,2018-06-01T07:00:00Z,3,1,1,0,0,0
OR,2018-07-01T07:00:00Z,3,1,1,0,0,0
OR,2018-08-01T07:00:00Z,3,1,1,0,0,0
OR,2018-09-01T07:00:00Z,3,1,1,0,0,0
OR,2018-10-01T07:00:00Z,3,1,1,0,0,0
OR,2018-11-01T07:00:00Z,3,1,1,0,0,0
OR,2018-12-01T08:00:00Z,3,1,1,0,0,0
OR,2019-01-01T08:00:00Z,3,1,1,0,0,0
OR,2019-02-01T08:00:00Z,3,1,1,0,0,0
OR,2019-03-01T08:00:00Z,3,1,1,0,0,0
OR,2019-04-01T07:00:00Z,3,1,1,0,0,0
OR,2019-05-01T07:00:00Z,3,1,1,0,0,0
OR,2019-06-01T07:00:00Z,3,1,1,0,0,0
OR,2019-07-01T07:00:00Z,3,1,1,0,0,0
OR,2019-08-01T07:00:00Z,3,1,1,0,0,0
OR,2019-09-01T07:00:00Z,3,1,1,0,0,0
OR,2019-10-01T07:00:00Z,3,1,1,0,0,0
OR,2019-11-01T07:00:00Z,3,1,1,0,0,0
OR,2019-12-01T08:00:00Z,3,1,1,0,0,0
OR,2020-01-01T08:00:00Z,3,1,1,0,0,0
PA,2018-01-01T08:00:00Z,1,1,0,1,0,0
PA,2018-02-01T08:00:00Z,1,1,0,1,0,0
PA,2018-03-01T08:00:00Z,1,1,0,1,0,0
PA,2018-04-01T07:00:00Z,1,1,0,1,0,0
PA,2018-05-01T07:00:00Z,1,1,0,1,0,0
PA,2018-06-01T07:00:00Z,1,1,0,1,0,0
PA,2018-07-01T07:00:00Z,1,1,0,1,0,0
PA,2018-08-01T07:00:00Z,1,1,0,1,0,0
PA,2018-09-01T07:00:00Z,1,1,0,1,0,0
PA,2018-10-01T07:00:00Z,1,1,0,1,0,0
PA,2018-11-01T07:00:00Z,1,1,0,1,0,0
PA,2018-12-01T08:00:00Z,1,1,0,1,0,0
PA,2019-01-01T08:00:00Z,1,1,0,1,0,0
PA,2019-02-01T08:00:00Z,1,1,0,1,0,0
PA,2019-03-01T08:00:00Z,1,1,0,1,0,0
PA,2019-04-01T07:00:00Z,1,1,0,1,0,0
PA,2019-05-01T07:00:00Z,1,1,0,1,0,0
PA,2019-06-01T07:00:00Z,1,1,0,1,0,0
PA,2019-07-01T07:00:00Z,1,1,0,1,0,0
PA,2019-08-01T07:00:00Z,1,1,0,1,0,0
PA,2019-09-01T07:00:00Z,1,1,0,1,0,0
PA,2019-10-01T07:00:00Z,1,1,0,1,0,0
PA,2019-11-01T07:00:00Z,1,1,0,1,0,0
PA,2019-12-01T08:00:00Z,1,1,0,1,0,0
PA,2020-01-01T08:00:00Z,1,1,0,1,0,0
RI,2018-01-01T08:00:00Z,2,0,1,0,0,0
RI,2018-02-01T08:00:00Z,2,0,1,0,0,0
RI,2018-03-01T08:00:00Z,2,0,1,0,0,0
RI,2018-04-01T07:00:00Z,2,0,1,0,0,0
RI,2018-05-01T07:00:00Z,2,0,1,0,0,0
RI,2018-06-01T07:00:00Z,2,0,1,0,0,0
RI,2018-07-01T07:00:00Z,3,0,1,0,0,0
RI,2018-08-01T07:00:00Z,3,0,1,0,0,0
RI,2018-09-01T07:00:00Z,3,0,1,0,0,0
RI,2018-10-01T07:00:00Z,3,0,1,0,0,0
RI,2018-11-01T07:00:00Z,3,0,1,0,0,0
RI,2018-12-01T08:00:00Z,3,0,1,0,0,0
RI,2019-01-01T08:00:00Z,3,0,1,0,0,0
RI,2019-02-01T08:00:00Z,3,0,1,0,0,0
RI,2019-03-01T08:00:00Z,3,0,1,0,0,0
RI,2019-04-01T07:00:00Z,3,0,1,0,0,0
RI,2019-05-01T07:00:00Z,3,0,1,0,0,0
RI,2019-06-01T07:00:00Z,3,0,1,0,0,0
RI,2019-07-01T07:00:00Z,3,0,1,0,0,0
RI,2019-08-01T07:00:00Z,3,0,1,0,0,0
RI,2019-09-01T07:00:00Z,3,0,1,0,0,0
RI,2019-10-01T07:00:00Z,3,0,1,0,0,0
RI,2019-11-01T07:00:00Z,3,0,1,0,0,0
RI,2019-12-01T08:00:00Z,3,0,1,0,0,0
RI,2020-01-01T08:00:00Z,3,0,1,0,0,0
SC,2018-01-01T08:00:00Z,1,0,1,0,0,0
SC,2018-02-01T08:00:00Z,1,0,1,0,0,0
SC,2018-03-01T08:00:00Z,1,0,1,0,0,0
SC,2018-04-01T07:00:00Z,1,0,1,0,0,0
SC,2018-05-01T07:00:00Z,1,0,1,0,0,0
SC,2018-06-01T07:00:00Z,1,0,1,0,0,0
SC,2018-07-01T07:00:00Z,1,0,1,0,0,0
SC,2018-08-01T07:00:00Z,1,0,1,0,0,0
SC,2018-09-01T07:00:00Z,1,0,1,0,0,0
SC,2018-10-01T07:00:00Z,1,0,1,0,0,0
SC,2018-11-01T07:00:00Z,1,0,1,0,0,0
SC,2018-12-01T08:00:00Z,1,0,1,0,0,0
SC,2019-01-01T08:00:00Z,1,0,1,0,0,0
SC,2019-02-01T08:00:00Z,1,0,1,0,0,0
SC,2019-03-01T08:00:00Z,1,0,1,0,0,0
SC,2019-04-01T07:00:00Z,1,0,1,0,0,0
SC,2019-05-01T07:00:00Z,1,0,1,0,0,0
SC,2019-06-01T07:00:00Z,1,0,1,0,0,0
SC,2019-07-01T07:00:00Z,1,0,1,0,0,0
SC,2019-08-01T07:00:00Z,1,0,1,0,0,0
SC,2019-09-01T07:00:00Z,1,0,1,0,0,0
SC,2019-10-01T07:00:00Z,1,0,1,0,0,0
SC,2019-11-01T07:00:00Z,1,0,1,0,0,0
SC,2019-12-01T08:00:00Z,1,0,1,0,0,0
SC,2020-01-01T08:00:00Z,1,0,1,0,0,0
TN,2018-01-01T08:00:00Z,2,0,0,0,0,0
TN,2018-02-01T08:00:00Z,2,0,0,0,0,0
TN,2018-03-01T08:00:00Z,2,0,0,0,0,0
TN,2018-04-01T07:00:00Z,2,0,0,0,0,0
TN,2018-05-01T07:00:00Z,2,0,0,0,0,0
TN,2018-06-01T07:00:00Z,2,0,0,0,0,0
TN,2018-07-01T07:00:00Z,2,0,0,0,0,0
TN,2018-08-01T07:00:00Z,2,0,0,0,0,0
TN,2018-09-01T07:00:00Z,2,0,0,0,0,0
TN,2018-10-01T07:00:00Z,2,0,0,0,0,0
TN,2018-11-01T07:00:00Z,2,0,0,0,0,0
TN,2018-12-01T08:00:00Z,2,0,0,0,0,0
TN,2019-01-01T08:00:00Z,2,0,0,0,0,0
TN,2019-02-01T08:00:00Z,2,0,0,0,0,0
TN,2019-03-01T08:00:00Z,2,0,0,0,0,0
TN,2019-04-01T07:00:00Z,2,0,0,0,0,0
TN,2019-05-01T07:00:00Z,2,0,0,0,0,0
TN,2019-06-01T07:00:00Z,2,0,0,0,0,0
TN,2019-07-01T07:00:00Z,2,0,0,0,0,0
TN,2019-08-01T07:00:00Z,2,0,0,0,0,0
TN,2019-09-01T07:00:00Z,2,0,0,0,0,0
TN,2019-10-01T07:00:00Z,2,0,0,0,0,0
TN,2019-11-01T07:00:00Z,1,0,0,0,0,0
TN,2019-12-01T08:00:00Z,1,0,0,0,0,0
TN,2020-01-01T08:00:00Z,1,0,0,0,0,0
TX,2018-01-01T08:00:00Z,2,3,0,0,1,0
TX,2018-02-01T08:00:00Z,2,3,0,0,1,0
TX,2018-03-01T08:00:00Z,2,3,0,0,1,0
TX,2018-04-01T07:00:00Z,2,3,0,0,1,0
TX,2018-05-01T07:00:00Z,2,3,0,0,1,0
TX,2018-06-01T07:00:00Z,2,3,0,0,1,0
TX,2018-07-01T07:00:00Z,2,3,0,0,1,0
TX,2018-08-01T07:00:00Z,2,3,0,0,1,0
TX,2018-09-01T07:00:00Z,2,3,0,0,1,0
TX,2018-10-01T07:00:00Z,2,3,0,0,1,0
TX,2018-11-01T07:00:00Z,2,3,0,0,1,0
TX,2018-12-01T08:00:00Z,2,3,0,0,1,0
TX,2019-01-01T08:00:00Z,2,3,0,0,1,0
TX,2019-02-01T08:00:00Z,2,3,0,0,1,0
TX,2019-03-01T08:00:00Z,2,3,0,0,1,0
TX,2019-04-01T07:00:00Z,2,3,0,0,1,0
TX,2019-05-01T07:00:00Z,2,3,0,0,1,0
TX,2019-06-01T07:00:00Z,2,3,0,0,1,0
TX,2019-07-01T07:00:00Z,2,3,0,0,1,0
TX,2019-08-01T07:00:00Z,2,2,0,0,0,0
TX,2019-09-01T07:00:00Z,2,2,0,0,0,0
TX,2019-10-01T07:00:00Z,2,2,0,0,0,0
TX,2019-11-01T07:00:00Z,2,2,0,0,0,0
TX,2019-12-01T08:00:00Z,2,2,0,0,0,0
TX,2020-01-01T08:00:00Z,2,2,0,0,0,0
US,2018-01-01T08:00:00Z,1,0,3,0,0,0
US,2018-02-01T08:00:00Z,1,0,3,0,0,0
US,2018-03-01T08:00:00Z,1,0,3,0,0,0
US,2018-04-01T07:00:00Z,1,0,3,0,0,0
US,2018-05-01T07:00:00Z,1,0,3,0,0,0
US,2018-06-01T07:00:00Z,1,0,3,0,0,0
US,2018-07-01T07:00:00Z,1,0,3,0,0,0
US,2018-08-01T07:00:00Z,1,0,3,0,0,0
US,2018-09-01T07:00:00Z,1,0,3,0,0,0
US,2018-10-01T07:00:00Z,1,0,3,0,0,0
US,2018-11-01T07:00:00Z,1,0,3,0,0,0
US,2018-12-01T08:00:00Z,1,0,3,0,0,0
US,2019-01-01T08:00:00Z,1,0,3,0,0,0
US,2019-02-01T08:00:00Z,1,0,3,0,0,0
US,2019-03-01T08:00:00Z,1,0,3,0,0,0
US,2019-04-01T07:00:00Z,1,0,3,0,0,0
US,2019-05-01T07:00:00Z,1,0,3,0,0,0
US,2019-06-01T07:00:00Z,1,0,3,0,0,0
US,2019-07-01T07:00:00Z,1,0,3,0,0,0
US,2019-08-01T07:00:00Z,1,0,3,0,0,0
US,2019-09-01T07:00:00Z,1,0,3,0,0,0
US,2019-10-01T07:00:00Z,1,0,3,0,0,0
US,2019-11-01T07:00:00Z,1,0,3,0,0,0
US,2019-12-01T08:00:00Z,1,0,3,0,0,0
US,2020-01-01T08:00:00Z,1,0,3,0,0,0
UT,2018-01-01T08:00:00Z,1,0,1,0,0,0
UT,2018-02-01T08:00:00Z,1,0,1,0,0,0
UT,2018-03-01T08:00:00Z,1,0,1,0,0,0
UT,2018-04-01T07:00:00Z,1,0,1,0,0,0
UT,2018-05-01T07:00:00Z,1,0,1,0,0,0
UT,2018-06-01T07:00:00Z,1,0,1,0,0,0
UT,2018-07-01T07:00:00Z,1,0,1,0,0,0
UT,2018-08-01T07:00:00Z,1,0,1,0,0,0
UT,2018-09-01T07:00:00Z,1,0,1,0,0,0
UT,2018-10-01T07:00:00Z,1,0,1,0,0,0
UT,2018-11-01T07:00:00Z,1,0,1,0,0,0
UT,2018-12-01T08:00:00Z,1,0,1,0,0,0
UT,2019-01-01T08:00:00Z,1,0,1,0,0,0
UT,2019-02-01T08:00:00Z,1,0,1,0,0,0
UT,2019-03-01T08:00:00Z,1,0,1,0,0,0
UT,2019-04-01T07:00:00Z,1,0,1,0,0,0
UT,2019-05-01T07:00:00Z,1,0,1,0,0,0
UT,2019-06-01T07:00:00Z,1,0,1,0,0,0
UT,2019-07-01T07:00:00Z,1,0,1,0,0,0
UT,2019-08-01T07:00:00Z,1,0,1,0,0,0
UT,2019-09-01T07:00:00Z,1,0,1,0,0,0
UT,2019-10-01T07:00:00Z,1,0,1,0,0,0
UT,2019-11-01T07:00:00Z,1,0,1,0,0,0
UT,2019-12-01T08:00:00Z,1,0,1,0,0,0
UT,2020-01-01T08:00:00Z,1,0,1,0,0,0
VA,2018-01-01T08:00:00Z,2,0,0,0,0,0
VA,2018-02-01T08:00:00Z,2,0,0,0,0,0
VA,2018-03-01T08:00:00Z,2,0,0,0,0,0
VA,2018-04-01T07:00:00Z,2,0,0,0,0,0
VA,2018-05-01T07:00:00Z,2,0,0,0,0,0
VA,2018-06-01T07:00:00Z,2,0,0,0,0,0
VA,2018-07-01T07:00:00Z,2,0,0,0,0,0
VA,2018-08-01T07:00:00Z,2,0,0,0,0,0
VA,2018-09-01T07:00:00Z,2,0,0,0,0,0
VA,2018-10-01T07:00:00Z,2,0,0,0,0,0
VA,2018-11-01T07:00:00Z,2,0,0,0,0,0
VA,2018-12-01T08:00:00Z,2,0,0,0,0,0
VA,2019-01-01T08:00:00Z,2,0,0,0,0,0
VA,2019-02-01T08:00:00Z,2,0,0,0,0,0
VA,2019-03-01T08:00:00Z,2,0,0,0,0,0
VA,2019-04-01T07:00:00Z,2,0,0,0,0,0
VA,2019-05-01T07:00:00Z,2,0,0,0,0,0
VA,2019-06-01T07:00:00Z,2,0,0,0,0,0
VA,2019-07-01T07:00:00Z,2,0,0,0,0,0
VA,2019-08-01T07:00:00Z,2,0,0,0,0,0
VA,2019-09-01T07:00:00Z,2,0,0,0,0,0
VA,2019-10-01T07:00:00Z,2,0,0,0,0,0
VA,2019-11-01T07:00:00Z,2,0,0,0,0,0
VA,2019-12-01T08:00:00Z,2,0,0,0,0,0
VA,2020-01-01T08:00:00Z,2,0,0,0,0,0
VT,2018-01-01T08:00:00Z,0,1,0,1,0,0
VT,2018-02-01T08:00:00Z,0,1,0,1,0,0
VT,2018-03-01T08:00:00Z,0,1,0,1,0,0
VT,2018-04-01T07:00:00Z,0,1,0,1,0,0
VT,2018-05-01T07:00:00Z,0,1,0,1,0,0
VT,2018-06-01T07:00:00Z,0,1,0,1,0,0
VT,2018-07-01T07:00:00Z,0,1,0,1,0,0
VT,2018-08-01T07:00:00Z,0,1,0,1,0,0
VT,2018-09-01T07:00:00Z,0,1,0,1,0,0
VT,2018-10-01T07:00:00Z,0,1,0,1,0,0
VT,2018-11-01T07:00:00Z,0,1,0,1,0,0
VT,2018-12-01T08:00:00Z,0,1,0,1,0,0
VT,2019-01-01T08:00:00Z,0,1,0,1,0,0
VT,2019-02-01T08:00:00Z,0,1,0,1,0,0
VT,2019-03-01T08:00:00Z,0,1,0,1,0,0
VT,2019-04-01T07:00:00Z,0,1,0,1,0,0
VT,2019-05-01T07:00:00Z,0,1,0,1,0,0
VT,2019-06-01T07:00:00Z,0,1,0,1,0,0
VT,2019-07-01T07:00:00Z,0,1,0,2,0,0
VT,2019-08-01T07:00:00Z,0,1,0,2,0,0
VT,2019-09-01T07:00:00Z,0,1,0,2,0,0
VT,2019-10-01T07:00:00Z,0,1,0,2,0,0
VT,2019-11-01T07:00:00Z,0,1,0,2,0,0
VT,2019-12-01T08:00:00Z,0,1,0,2,0,0
VT,2020-01-01T08:00:00Z,0,0,0,2,0,0
WA,2018-01-01T08:00:00Z,3,0,2,0,0,0
WA,2018-02-01T08:00:00Z,3,0,2,0,0,0
WA,2018-03-01T08:00:00Z,3,0,2,0,0,0
WA,2018-04-01T07:00:00Z,3,0,2,0,0,0
WA,2018-05-01T07:00:00Z,3,0,2,0,0,0
WA,2018-06-01T07:00:00Z,3,0,2,0,0,0
WA,2018-07-01T07:00:00Z,2,0,1,0,0,0
WA,2018-08-01T07:00:00Z,2,0,1,0,0,0
WA,2018-09-01T07:00:00Z,2,0,1,0,0,0
WA,2018-10-01T07:00:00Z,2,0,1,0,0,0
WA,2018-11-01T07:00:00Z,2,0,1,0,0,0
WA,2018-12-01T08:00:00Z,2,0,1,0,0,0
WA,2019-01-01T08:00:00Z,2,0,1,0,0,0
WA,2019-02-01T08:00:00Z,2,0,1,0,0,0
WA,2019-03-01T08:00:00Z,2,0,1,0,0,0
WA,2019-04-01T07:00:00Z,2,0,1,0,0,0
WA,2019-05-01T07:00:00Z,2,0,1,0,0,0
WA,2019-06-01T07:00:00Z,3,0,1,0,0,0
WA,2019-07-01T07:00:00Z,3,0,1,0,0,0
WA,2019-08-01T07:00:00Z,3,0,1,0,0,0
WA,2019-09-01T07:00:00Z,3,0,1,0,0,0
WA,2019-10-01T07:00:00Z,3,0,1,0,0,0
WA,2019-11-01T07:00:00Z,3,0,1,0,0,0
WA,2019-12-01T08:00:00Z,3,0,1,0,0,0
WA,2020-01-01T08:00:00Z,3,0,1,0,0,0
WI,2018-01-01T08:00:00Z,1,1,1,0,0,0
WI,2018-02-01T08:00:00Z,1,1,1,0,0,0
WI,2018-03-01T08:00:00Z,1,1,1,0,0,0
WI,2018-04-01T07:00:00Z,1,1,1,0,0,0
WI,2018-05-01T07:00:00Z,1,1,1,0,0,0
WI,2018-06-01T07:00:00Z,1,1,1,0,0,0
WI,2018-07-01T07:00:00Z,1,1,1,0,0,0
WI,2018-08-01T07:00:00Z,1,1,1,0,0,0
WI,2018-09-01T07:00:00Z,1,1,1,0,0,0
WI,2018-10-01T07:00:00Z,1,1,1,0,0,0
WI,2018-11-01T07:00:00Z,1,1,1,0,0,0
WI,2018-12-01T08:00:00Z,1,1,1,0,0,0
WI,2019-01-01T08:00:00Z,1,1,1,0,0,0
WI,2019-02-01T08:00:00Z,1,1,1,0,0,0
WI,2019-03-01T08:00:00Z,1,1,1,0,0,0
WI,2019-04-01T07:00:00Z,1,1,1,0,0,0
WI,2019-05-01T07:00:00Z,1,1,1,0,0,0
WI,2019-06-01T07:00:00Z,1,1,1,0,0,0
WI,2019-07-01T07:00:00Z,1,1,1,0,0,0
WI,2019-08-01T07:00:00Z,1,1,1,0,0,0
WI,2019-09-01T07:00:00Z,1,1,1,0,0,0
WI,2019-10-01T07:00:00Z,1,1,1,0,0,0
WI,2019-11-01T07:00:00Z,1,1,1,0,0,0
WI,2019-12-01T08:00:00Z,1,1,1,0,0,0
WI,2020-01-01T08:00:00Z,1,1,1,0,0,0
WV,2018-01-01T08:00:00Z,1,0,0,0,0,0
WV,2018-02-01T08:00:00Z,1,0,0,0,0,0
WV,2018-03-01T08:00:00Z,1,0,0,0,0,0
WV,2018-04-01T07:00:00Z,1,0,0,0,0,0
WV,2018-05-01T07:00:00Z,1,0,0,0,0,0
WV,2018-06-01T07:00:00Z,1,0,0,0,0,0
WV,2018-07-01T07:00:00Z,1,0,0,0,0,0
WV,2018-08-01T07:00:00Z,1,0,0,0,0,0
WV,2018-09-01T07:00:00Z,1,0,0,0,0,0
WV,2018-10-01T07:00:00Z,1,0,0,0,0,0
WV,2018-11-01T07:00:00Z,1,0,0,0,0,0
WV,2018-12-01T08:00:00Z,1,0,0,0,0,0
WV,2019-01-01T08:00:00Z,1,0,0,0,0,0
WV,2019-02-01T08:00:00Z,1,0,0,0,0,0
WV,2019-03-01T08:00:00Z,1,0,0,0,0,0
WV,2019-04-01T07:00:00Z,1,0,0,0,0,0
WV,2019-05-01T07:00:00Z,1,0,0,0,0,0
WV,2019-06-01T07:00:00Z,1,0,0,0,0,0
WV,2019-07-01T07:00:00Z,1,0,0,0,0,0
WV,2019-08-01T07:00:00Z,1,0,0,0,0,0
WV,2019-09-01T07:00:00Z,1,0,0,0,0,0
WV,2019-10-01T07:00:00Z,1,0,0,0,0,0
WV,2019-11-01T07:00:00Z,1,0,0,0,0,0
WV,2019-12-01T08:00:00Z,1,0,0,0,0,0
WV,2020-01-01T08:00:00Z,1,0,0,0,0,0
