state_full,Region,Total_Population,Median_Household_Income,Average_Household_Income,income_per_person,Pop. per Sq. Mi.,Median_Home_Value,Average_Home_Value,Home_Value_Base,home_value<$50000,home_value$50K-99999,home_value$100K-149999,home_value$150K-199999,home_value$200K-249999,home_value$250K-299999,home_value$300K-399999,home_value$400K-499999,home_value$500K-749999,home_value$750K-999999,home_value$1 Million-1499999,home_value$1.5 Million-1999999,home_value$2 Million+,Last_Car_<$20000,Last_Car_$20000-29999,Last_Car_$30000-39999,Last_Car_$40000-49999,Last_Car_$50000+,Gasoline : Average,Miles_Traveled_<5000,Miles_Traveled_5000-9999,Miles_Traveled_10000-19999,Miles_Traveled_20000-29999,Miles_Traveled_30000+,year
Alaska,Pacific,716685,76957,96816,36260.67416,1.3,279771,310113,163813,6.546488984,5.097275552,6.018447864,9.627441046,14.57515582,13.66314029,21.45128897,11.89404992,8.372351401,1.894843511,0.629986631,0.12697405,0.102555963,NA,NA,NA,NA,NA,2737,30.7823391,22.25488687,32.47059082,7.341850085,7.150333121,2018
California,Pacific,39806791,69051,100620,34458.90411,250.5,505800,637422,7293065,2.611741428,2.203778521,2.673169648,3.79812877,5.133904607,5.93599536,13.90696504,13.20666962,22.82786455,12.39107289,9.306704383,2.674307716,3.329697459,50.47974815,27.57718376,13.272527,5.061369487,3.609171607,2707,32.8824448,23.64201911,31.33629964,5.928732731,6.210503712,2018
Hawaii,Pacific,1451828,76106,99093,33590.84746,227.3,614611,689704,273310,1.220592002,1.042771944,1.897844938,2.77743222,4.1729172,3.932164941,11.01386704,10.2180674,29.93670191,19.12553511,9.547400388,2.444842852,2.669862061,46.88484404,28.5799547,14.7492445,5.846012309,3.939944451,2576,31.78646088,23.94659272,33.1019275,5.996157642,5.168861254,2018
Idaho,Mountain,1760131,52294,69093,25780.97015,20.5,201162,257742,439448,5.353761992,7.665070725,16.14730298,20.49184431,14.71960277,9.67236169,12.64313411,5.157151699,5.001501884,1.730807741,0.991698677,0.18932843,0.23643298,55.79831025,24.49355543,12.36728832,4.424989399,2.915856595,2031,32.24110549,22.33812818,31.02909768,7.31266315,7.079005495,2018
Nevada,Mountain,3025735,55443,74671,27758.73606,27.1,250803,304982,626268,3.750311368,5.329667171,8.184994284,16.00896102,16.50363742,13.84950213,18.45072716,7.548365875,6.607235241,1.778631512,1.205394496,0.299552268,0.483020049,55.41786224,25.33035303,11.85361963,4.372314123,3.025850979,2148,33.42209524,22.22091384,30.59550585,6.739785066,7.021700011,2018
Oregon,Pacific,4183695,57904,79937,31974.8,42.5,301091,355884,997968,5.241350424,3.470752569,6.008809902,10.19962564,11.962107,12.8964055,20.258365,12.37264121,11.8261307,3.527267407,1.639531528,0.210828403,0.386184727,55.26410453,25.54091221,11.78650643,4.468605073,2.939871759,2266,33.29013186,22.82249763,30.61212905,6.688268622,6.586972834,2018
Washington,Pacific,7293830,68610,93829,36795.68627,108.1,330400,413160,1762223,3.509941704,3.099153739,6.096674484,9.194579801,10.76679853,11.62247911,18.78417204,11.551092,14.68111584,6.305217898,3.019424897,0.629091778,0.740258185,52.70392182,26.51756764,12.78409037,4.766428814,3.227991356,2595,31.74247256,22.75442253,31.92707492,6.835003134,6.741026855,2018
Arizona,Mountain,7131301,54976,76256,28884.84848,61.7,218053,275178,1688365,7.28527303,8.590204132,11.81924525,17.22198695,14.07865005,11.31544423,13.01845276,6.936474044,5.828775176,2.143849227,1.098873762,0.281692643,0.381078736,55.1617006,25.34054993,11.92880553,4.48014379,3.088800148,2199,33.68044048,22.06733229,30.55956389,6.649219821,7.043443515,2018
Arkansas,West South Central,3067356,44518,62729,25396.35628,57.2,131873,169042,789649,12.73363228,24.19935946,20.49847464,16.50518142,8.606608759,6.035593029,6.005832971,2.297096558,1.932504189,0.596087629,0.434876762,0.065978682,0.08877362,60.34018049,22.35482794,10.45864445,4.026122654,2.820224459,1944,35.39276928,21.75892112,28.59021701,6.697106633,7.560985953,2018
Colorado,Mountain,5711555,65782,91477,36300.39683,53.7,329726,390990,1419507,3.130453038,3.236827997,4.796876662,9.258425637,11.24214252,11.96260392,21.4378654,13.92335508,13.91137909,4.032104104,1.920666823,0.46952921,0.677770522,52.10555109,26.60826529,12.91356647,4.954195833,3.418421317,2545,31.02141308,22.67964107,32.57678287,6.808048789,6.914114188,2018
Iowa,West North Central,3216401,56659,75156,30928.39506,56.9,147951,185074,907605,8.424369632,21.07701037,21.37471697,17.32780229,10.6031809,7.676907906,7.5463445,2.629117292,2.246572022,0.538670457,0.398301023,0.071947598,0.085059029,57.55529154,23.88239867,11.86561737,4.037349212,2.659343213,2241,32.67657982,22.24698861,31.34508457,7.177825746,6.553521254,2018
Kansas,West North Central,2970458,54956,75971,30267.33068,36.1,152163,194428,767871,10.97072295,20.40941773,17.87774249,17.15262069,10.24416862,7.295366019,7.835821381,3.432738051,3.19402608,0.898848895,0.483023841,0.091942527,0.113560741,56.24128079,24.43791924,12.12331041,4.307840855,2.889648693,2229,32.37092092,22.24532036,31.49275854,7.093988105,6.797012079,2018
Louisiana,West South Central,4823755,45259,66631,26129.80392,102.3,163229,202873,1174885,11.89222775,16.47582529,16.84198879,18.10441022,11.86090554,8.490277772,8.092536716,3.311473038,3.075279708,0.824931802,0.76169157,0.09064717,0.177804636,58.35788396,23.60084079,10.83622631,4.195854354,3.009194593,2018,36.03314304,21.82426061,27.8781232,6.432222571,7.832250573,2018
Minnesota,West North Central,5657912,65887,89957,36127.30924,66.4,227055,271376,1608664,4.346650388,7.447733026,11.62766121,17.68622907,16.43295306,12.62954849,14.72060045,6.903989895,5.528562832,1.594490832,0.699213758,0.185246888,0.197120095,53.50062061,25.69615095,12.93698364,4.757898689,3.108346116,2551,30.97297493,22.48429356,32.57161102,7.173647895,6.797472586,2018
Missouri,West North Central,6223815,52772,72777,29584.14634,88.8,160834,204370,1617426,8.844423176,17.49526717,19.76857056,17.96057439,11.28818258,8.014215179,8.151779432,3.511134358,3.086385405,0.983538041,0.625809156,0.133792829,0.136327721,57.41342,24.1996061,11.38228119,4.147194778,2.857497927,2133,33.79786557,22.25139408,30.44725648,6.728854672,6.774629194,2018
Montana,Mountain,1068947,50833,69872,29606.77966,7.2,221950,271883,292782,8.36629301,8.618699237,10.43131067,15.66865449,15.75199295,11.47201672,14.13782268,6.30400776,5.86238225,1.672233949,1.018163685,0.328230561,0.368192034,56.86780162,23.59568876,12.43047208,4.426793027,2.679244514,2103,32.72163807,21.99851913,30.54111105,7.659876292,7.078855457,2018
Nebraska,West North Central,1957158,56415,76235,30864.37247,25.1,155926,195343,497755,7.3787305,17.17993792,23.21784814,18.75942984,11.05222449,7.248345069,7.991883557,3.560787938,2.289881568,0.634448675,0.497232574,0.074132857,0.115116875,56.35648689,24.15246841,12.54632054,4.124038345,2.820685812,2275,32.12006462,22.18520503,31.52377001,7.251574126,6.919386222,2018
New Mexico,Mountain,2147449,47453,66034,25694.16342,17.4,176182,221286,554744,9.749902658,13.55670363,17.13727413,18.24967913,11.84744675,9.450845796,10.01831475,4.046010412,3.532800715,1.387847367,0.728984901,0.110140894,0.184048859,57.6074425,23.89785319,11.14613484,4.381680759,2.966888713,1958,34.76491103,22.01048811,28.90256479,6.613973745,7.708062335,2018
North Dakota,West North Central,796329,60182,80493,35149.78166,11.2,183797,215329,208886,10.04997941,13.55859177,14.26998458,17.93274801,12.79070881,11.48329711,11.40957269,4.40766734,2.749346534,0.625700143,0.522773187,0.076596804,0.123033616,55.231034,24.11270658,13.3033912,4.542835447,2.810032779,2444,31.46352142,22.35491679,31.62860517,7.660757642,6.892198988,2018
Oklahoma,West South Central,4035516,50384,68672,27250.79365,57.6,140997,179746,1007621,11.83212736,21.99438082,19.72497596,17.51005586,9.516673432,6.75819579,6.325691902,2.51979663,2.448440435,0.70016405,0.456520855,0.082272997,0.130703906,58.77308758,23.48092219,10.90831174,4.019310895,2.81836759,2073,34.77268606,21.86744989,29.39987948,6.818745135,7.141239439,2018
South Dakota,West North Central,892179,54069,71454,29404.93827,11.4,164317,201708,238141,11.88497571,14.82357091,17.7357112,19.40237086,11.80939024,7.429632025,8.568873063,3.619704293,3.150234525,0.741997388,0.607203296,0.13017498,0.096161518,56.37708553,23.55203373,13.03914798,4.273926793,2.757805969,2177,32.18356023,22.46913276,30.8858871,7.623125886,6.838294024,2018
Texas,West South Central,28954616,57286,82927,29829.85612,106.9,173734,234140,6285595,8.926298942,17.43160353,16.20258703,15.67237469,10.5380318,8.399125302,10.27299723,4.906981757,4.50943785,1.505171746,1.058786002,0.250572937,0.326031187,55.396756,24.82505497,11.95162287,4.516214763,3.310351396,2428,33.40426109,21.61067436,30.25489645,7.037094494,7.693073598,2018
Utah,Mountain,3183713,66682,86403,27429.52381,36.7,268792,320562,692453,2.584724162,2.328389075,8.436384852,14.14666411,17.2814617,13.89495027,19.89015861,10.11678771,7.442526785,2.305138399,1.014364874,0.259801026,0.298648428,51.90643718,26.63336036,13.16418613,4.959718553,3.336297769,2429,30.4460847,22.38613424,32.77109833,7.190463336,7.206219395,2018
Wyoming,Mountain,600767,58485,75677,30888.57143,6.1,219691,281491,162318,9.027957466,5.680824061,10.49544721,18.38797915,16.27053069,11.84711492,13.6608386,6.172451607,4.029128008,1.493980951,1.765053783,0.343153563,0.825539989,54.56933166,25.14630206,12.57288357,4.849097581,2.862385125,2195,31.51647454,22.62035158,31.6711986,7.206668965,6.98530632,2018
Alabama,East South Central,4960300,47014,66156,26783.80567,95.9,142625,186291,1322453,12.45851459,21.24377955,19.11765484,16.30039026,9.331976259,7.120101811,7.36986494,2.82838029,2.491279463,0.870881612,0.658322073,0.079473524,0.12938078,59.08101605,22.90159407,10.81248462,4.201460094,3.003445164,2027,34.97683194,21.90275843,28.58162965,6.616691037,7.922088945,2018
Connecticut,New England,3588104,74805,106959,42109.84252,735.2,286942,383672,878072,1.575952769,2.876301716,8.379039532,13.61289279,13.67609945,13.37191028,19.70487614,9.336364216,8.941407994,3.631592853,2.479523319,0.933750307,1.480174746,49.61599825,28.10611651,13.61476178,5.107193427,3.55593004,2774,31.66830866,23.46583122,32.81323753,6.180242665,5.872379927,2018
Delaware,South Atlantic,985594,61377,83627,32413.56589,491.7,254889,297461,259384,2.983992845,3.817506091,9.196789316,16.07423742,16.51104154,14.48740092,19.38168892,8.758443081,5.928276224,1.611510348,0.833127718,0.189294637,0.227076458,53.12642389,26.24513687,12.68304651,4.747467667,3.197925064,2317,32.13396513,22.56058398,32.00893267,6.674929591,6.621588628,2018
District of Columbia,South Atlantic,675719,77616,119146,56736.19048,10851.8,622703,732285,118705,0.986479087,0.917400278,1.242576134,1.966218778,4.409249821,5.314013732,12.43671286,10.32728192,25.26262584,17.58139927,11.97085211,4.036898193,3.546607135,49.80664304,28.11838536,13.08682131,5.285504125,3.702646166,3073,36.35699793,24.12724741,29.30456236,4.87270565,5.338486655,2018
Florida,South Atlantic,20799388,52067,75222,29968.9243,363.7,212476,281645,5174597,6.768005315,11.57527823,12.65435743,15.82287471,12.74211306,10.75718554,12.90463779,6.222919389,5.849228452,2.11730498,1.499575716,0.38661948,0.699899915,55.94164025,25.17525839,11.68691744,4.26039872,2.935785193,2153,34.76451351,22.36165205,30.13251771,6.264606548,6.476710189,2018
Georgia,South Atlantic,10512698,54780,77740,29446.9697,176.7,183368,244821,2430910,8.20606275,14.37000958,15.8842162,17.29150812,11.17918804,8.372255657,10.63967815,5.116643561,5.527971007,1.922078563,1.031918088,0.229296848,0.229173437,56.15388225,24.4796524,11.67562025,4.447395177,3.243449924,2289,33.36334059,22.10012034,30.10852237,6.773359138,7.654657561,2018
Illinois,East North Central,12920537,61075,86618,33443.24324,231.2,198937,265308,3182514,5.703478445,13.74513985,14.99914847,15.89017362,11.6503808,9.778464447,12.27001672,6.152871598,5.749385549,2.206903096,1.230065288,0.275913947,0.34805817,53.64534406,26.11696154,12.39562096,4.584880125,3.257193312,2399,33.15504372,22.82068277,31.52552932,6.280339511,6.218404669,2018
Indiana,East North Central,6762322,53531,71313,28298.80952,186.5,143368,181513,1779514,7.982067014,22.42421245,22.59032522,17.99440746,9.41762751,6.865863376,6.577863394,2.56457662,2.401498387,0.661360349,0.389544561,0.053553948,0.077099703,58.64886742,24.02118252,10.58116858,3.941470258,2.807311222,2073,33.86291378,21.86825809,30.78145729,6.774414742,6.712956095,2018
Kentucky,East South Central,4548018,47571,66065,26855.69106,111.7,143806,184538,1198873,11.40854786,19.9509873,21.27614852,17.26396374,9.541043964,6.966542745,6.945272769,2.694196967,2.481163559,0.698656155,0.57362206,0.085997433,0.113856931,59.14712602,23.14095474,10.66447829,4.166796222,2.880644727,2026,35.11511634,21.9302051,28.72177742,6.631402355,7.601498785,2018
Maine,New England,1340344,53113,70847,30276.49573,42.1,194180,241892,391680,6.943933824,12.38485498,15.49453636,17.17601103,13.9989277,11.11443015,11.31152982,4.911917892,4.06275531,1.28931781,0.744740605,0.211397059,0.355647467,56.85917218,24.16663028,11.73369854,4.432536518,2.807962481,2067,32.87488416,21.52753305,30.90828406,7.590569543,7.098729177,2018
Maryland,South Atlantic,6081675,79848,105370,39912.87879,616.6,325789,397554,1484013,2.287446269,3.493635164,5.734383728,9.531452892,11.26742151,12.3846624,20.555076,12.7316944,13.16713533,5.27522333,2.426730763,0.536787751,0.608350466,49.00349086,28.17796725,14.01639004,5.154745114,3.647406733,2790,30.91589361,22.92505879,33.41280689,6.497879558,6.248361148,2018
Massachusetts,New England,6864917,77332,105866,42177.68924,849.5,392405,486633,1607059,0.90282933,1.106991094,3.532788778,7.311554834,8.687671081,9.536986508,20.47641064,15.55842069,19.695481,6.729497797,4.091075685,1.107675574,1.262616992,48.98408217,28.55399598,13.83112592,5.143955664,3.48684027,2723,31.50499172,23.91912259,32.88049203,5.978741161,5.716652497,2018
Michigan,East North Central,10057191,53680,74148,29898.3871,172.5,156034,198011,2780119,11.46799831,18.39129908,18.07221202,17.13948216,10.3093069,7.517196206,8.850988033,3.499886156,3.137635475,0.865250732,0.541199855,0.089240784,0.118304288,57.70556519,24.2542906,11.0959679,4.10435587,2.839820441,2146,34.29492454,21.78211498,30.53205323,6.759717723,6.631189529,2018
Mississippi,East South Central,3042578,42397,59830,23189.92248,63.9,117946,153570,768022,17.32359229,26.46304403,17.31122286,15.21714222,8.573712732,5.998786493,4.817700535,1.914919104,1.412980357,0.455976522,0.428373146,0.035415652,0.047134066,60.40178044,22.0802486,10.4638234,4.090058436,2.964089127,1878,36.05790441,21.59149554,27.59205844,6.433639768,8.324901838,2018
New Hampshire,New England,1364728,71287,94257,38315.85366,147.2,259900,306853,371590,4.361258376,4.617992949,7.938857343,14.65190129,15.31580505,15.72889475,18.62106085,8.643128179,6.597325009,1.559783632,1.316235636,0.191339918,0.456417019,52.15346817,26.41972551,13.26011747,4.96012888,3.206559964,2580,30.67900462,22.0961261,32.98488451,7.323521579,6.916463191,2018
New Jersey,Middle Atlantic,8975576,79202,111801,41407.77778,1204.8,345747,423745,2027718,1.581038389,2.651009657,5.403266135,9.695135122,10.56626217,10.93544566,20.04040996,13.67374556,15.63373211,5.540415383,2.708512722,0.654528884,0.916498251,47.29434919,29.05867312,14.50091797,5.319110767,3.826948959,2847,30.70350645,23.81003072,33.81116109,5.985796861,5.689504873,2018
New York,Middle Atlantic,19342852,63503,95274,36643.84615,413.7,316469,443982,3827908,3.943198217,9.76138925,10.93777593,9.828553873,7.187293948,6.293176325,12.43919655,10.66222072,14.23257821,6.487303248,4.418392501,1.368031834,2.440889384,50.74350838,27.58347984,13.33930725,4.95750133,3.37620319,2485,33.35293951,23.90076877,30.62242899,6.076431983,6.047430745,2018
North Carolina,South Atlantic,10314383,51834,72451,28980.4,208.8,178243,232715,2582531,7.072286838,15.09890878,18.38967277,16.71031248,11.24834513,8.734996792,10.63975612,4.954054763,4.374197251,1.631190487,0.805101662,0.164296189,0.176880742,57.00213556,24.03882758,11.36222121,4.467552039,3.129263612,2156,33.47067389,22.03579028,29.94708416,6.879425916,7.667025745,2018
Ohio,East North Central,11775569,53368,72500,29835.39095,284.9,148361,187922,3046259,7.964227599,21.46511508,21.26795522,17.75659916,10.67125284,7.156909508,7.051698493,2.98480858,2.357580232,0.615279265,0.530092812,0.078358406,0.100122806,57.62201981,24.60028669,10.89022915,4.058853403,2.82861095,2082,34.30128982,22.01532346,30.69770135,6.551438058,6.434247315,2018
Pennsylvania,Middle Atlantic,12992573,57362,80492,32720.3252,286.5,185447,236830,3463354,6.432030916,14.90436727,16.39765961,17.30195643,12.04072699,9.437065919,11.15482275,5.06205834,4.817324478,1.320049871,0.803787311,0.137179162,0.190970949,55.52720977,25.50057724,11.62626339,4.357858174,2.988091434,2261,33.62913804,22.30213729,31.24747723,6.536673587,6.284573846,2018
Rhode Island,New England,998434,58811,81037,33076.32653,979.5,262782,317661,227740,2.083077193,1.896899974,7.636778783,16.78405199,17.61526302,15.58268201,18.9589005,8.042943708,7.470800035,2.422499341,0.917274084,0.166417845,0.421972425,53.15460523,26.8137121,12.31058706,4.624079525,3.097016087,2150,33.44283548,23.29256693,31.29961734,5.94639051,6.01858973,2018
South Carolina,South Atlantic,5106190,50732,69886,27954.4,162.8,164133,224843,1363587,10.96461025,17.11236613,17.21796996,16.64528923,10.00508218,7.560647029,8.967817968,4.131896241,4.325796594,1.361849299,1.055818221,0.292610593,0.358246302,58.01233731,23.37806937,11.20774007,4.389316529,3.012536726,2117,34.12364748,22.17527796,29.18432124,6.591981073,7.92477224,2018
Tennessee,East South Central,6818402,49776,69261,27704.4,160.6,170899,223367,1745320,7.246006463,16.78505947,18.38241698,18.15059703,10.93071758,8.038411294,9.16456581,4.420392822,4.3885362,1.479155685,0.699585176,0.127140009,0.187415488,58.3293856,23.55430669,10.95927435,4.176585867,2.980447498,2078,34.28414936,21.78325683,29.74666277,6.778878525,7.407052508,2018
Vermont,New England,643518,57396,78512,33696.13734,66.8,233330,278956,184315,4.00944036,6.568646068,11.57691995,16.78322437,16.59441717,13.47909828,15.00257711,7.489352467,5.590971977,1.634158913,0.841494181,0.171988172,0.257710984,55.32157581,25.25627951,11.88769617,4.647588483,2.886860026,2222,32.09134508,21.92730043,31.76572094,7.290798261,6.924835283,2018
Virginia,South Atlantic,8566397,68682,96244,37595.3125,212.9,276026,359685,2121313,3.941898249,6.675818231,9.971088661,12.55241447,11.54968644,10.19976779,14.42974233,9.558891121,12.87848611,5.04607288,2.261288174,0.447317298,0.487528243,51.98916901,26.49506312,12.95195919,5.043246883,3.520561796,2689,31.45674949,22.56515236,32.61726994,6.642668705,6.718159498,2018
West Virginia,South Atlantic,1897913,43567,60023,25326.16034,78.1,119226,151306,550920,17.40288971,25.66343571,18.03165614,16.86433602,7.919843171,5.421658317,4.738982066,1.80461773,1.303093008,0.358128222,0.396790823,0.029223844,0.065345241,60.88147483,22.52226357,9.933701185,3.976560161,2.686000257,1929,36.97221727,21.4258993,27.47808683,6.596445591,7.52735102,2018
Wisconsin,East North Central,5846934,57408,76629,31664.87603,103.8,188637,230077,1550112,4.492385066,12.0831269,18.62626701,19.15035817,14.05311358,10.36344471,11.33143928,4.532253153,3.650187857,0.906579654,0.558217729,0.097347805,0.155279102,56.55931453,24.66657576,11.71836693,4.261006771,2.794736007,2204,32.80164091,22.21007516,31.25892582,7.030382487,6.69897562,2018
Alabama,East South Central,4994346,68387,49101,27575.40323,95.9,149034,194174,1322077,12.60932608,19.66436146,18.07542223,15.90535196,9.823331016,7.763693038,7.938342472,3.501687118,3.203898109,0.725373787,0.478792082,0.097498103,0.212771268,57.42576425,22.93477569,11.37254312,4.900869644,3.366047297,1931.81,34.48782114,22.28261694,28.80790304,6.928033523,7.493625353,2019
Arizona,Mountain,7217117,81212,57833,30762.12121,61.7,247582,300304,1740951,5.5801111,5.732728836,9.249427468,15.41054286,14.73993237,12.83890242,16.87508724,8.532175805,7.351039748,2.051407535,0.92242688,0.277549454,0.438610851,53.05535776,25.35536997,12.99249283,5.087634529,3.509144915,2143.31,33.51268888,22.37538249,31.16301153,6.158439759,6.790477342,2019
Arkansas,West South Central,3071383,65621,47075,26567.20648,57.2,135488,172947,789512,12.59968183,22.95531924,20.35181226,16.34667997,9.248497806,6.775957807,6.662469981,1.722203082,2.062539898,0.755529998,0.266493733,0.100188471,0.152752586,58.19148924,22.72648748,11.26261687,4.689135049,3.130271357,1872.26,34.56973294,22.629446,28.28024438,6.96600715,7.554569537,2019
California,Pacific,39456889,105894,74198,36141.29693,250.5,553866,675423,7267590,2.27529346,1.732279889,1.974051921,3.050557337,4.293637918,5.174026053,12.38806812,13.7058227,25.09133014,13.99740492,9.429384431,3.064702329,3.823468302,49.79590494,26.15913432,14.45690803,5.244010095,4.344042612,2608.06,33.959297,23.86174446,30.20449347,5.621448774,6.353016298,2019
Colorado,Mountain,5793754,95925,70141,38217.13147,53.7,377332,435566,1460493,2.940719332,2.59747907,3.284028064,5.501772347,7.821673914,10.14595756,22.89898,18.16174401,18.40063595,4.818715324,1.974264854,0.557072167,0.896888927,50.61662894,26.10743642,13.90977845,5.430330177,3.935826011,2438.39,30.75364276,22.61257927,33.22402002,6.512620301,6.897137655,2019
Connecticut,New England,3589613,107887,75291,42475.19685,735.2,272722,374020,896139,1.685787584,3.068608776,8.965461831,16.33228774,14.14423432,12.77089826,17.41705249,8.737037446,8.72811026,3.458057288,2.143863843,0.932444632,1.616155529,48.82176158,26.6427411,14.67451554,5.672798223,4.188183552,2551.28,31.76161449,23.63806744,32.03848898,6.350230823,6.211598259,2019
Delaware,South Atlantic,997398,88673,62882,34503.11284,491.7,270009,323118,265000,4.121132075,2.919245283,5.395849057,13.54716981,17.99886792,15.03698113,18.36792453,11.40679245,7.841509434,1.646037736,0.792075472,0.434339623,0.491698113,52.12418924,25.46288432,13.39478547,5.341066272,3.677074703,2232.82,31.52255057,22.80658098,32.22769942,6.630139579,6.813029453,2019
District of Columbia,South Atlantic,689141,125304,82472,59105.66038,10851.8,655592,765068,124627,1.055950958,0.998178565,0.639508293,1.372094329,3.561828496,4.427611994,11.92919672,10.64295859,24.70090751,19.23259005,13.18735106,4.433228755,3.819397081,50.16207845,25.59278691,14.03539313,6.549169798,3.660571717,2945.88,35.93140393,23.77803565,29.35540505,5.049668874,5.885486485,2019
Florida,South Atlantic,19927443,76075,53500,29950.7874,363.7,225730,280097,4978997,6.5738943,9.658129941,11.28012329,15.53318871,13.51475006,11.91440766,14.74873353,7.277007799,5.898698071,1.742700387,1.000763808,0.306768612,0.550793664,54.24646404,25.11370828,12.48809174,4.719501623,3.432234313,1993.3,34.43993008,22.47198694,30.3411637,6.003436195,6.743483087,2019
Georgia,South Atlantic,10655543,81170,56909,30746.21212,176.7,191681,255233,2505613,7.378952775,12.85709325,15.31250037,17.33563803,11.31731037,9.129622172,10.89146648,6.392088483,6.17258132,1.775852855,0.822034368,0.283044508,0.331854919,54.87389133,23.81946439,12.55162943,5.061321374,3.693693475,2198.51,33.11656394,22.09127925,30.76617765,6.776032598,7.249946564,2019
Hawaii,Pacific,1380283,101845,77758,34407.09459,227.3,640456,724368,261833,0.840994069,1.194272685,1.744623481,2.163592824,3.737496801,3.917000531,9.910133558,9.85360898,29.61467806,19.73548025,11.25221038,3.030175723,3.005732662,46.43045352,27.63197867,15.36718435,6.095663226,4.474720233,2398.86,31.13062812,25.21538625,32.03318293,6.166045682,5.454757025,2019
Idaho,Mountain,1806658,71796,53694,26889.88764,20.5,228840,268594,453707,4.369339684,5.826227058,12.05690016,18.19786779,16.5558389,12.47853791,16.45401107,7.606891672,4.27280161,1.237142032,0.520820706,0.147892803,0.275508202,53.93304911,24.31966282,13.32375135,4.926629828,3.496906896,1918.14,31.71228841,22.35706676,31.62814778,6.912056277,7.390440777,2019
Illinois,East North Central,12845082,90402,63698,35039.53488,231.2,210237,271947,3191355,5.411118475,12.8154342,14.01097653,15.23572276,12.34109023,10.28143218,13.79743087,6.2596922,5.942742189,2.051793047,1.099720965,0.294953084,0.457861943,52.50814879,25.27303347,13.20239273,5.061968482,3.954456532,2287.72,33.11548099,23.03804359,31.10430977,6.089739236,6.652426414,2019
Indiana,East North Central,6808973,74644,55375,29620.63492,186.5,150456,195310,1802037,7.479424673,20.64103012,21.71792255,17.70845993,9.962226081,7.053517769,8.059878904,3.209978485,2.665761025,0.717465846,0.46930224,0.107267498,0.207709387,57.0514022,24.00925375,11.05582341,4.52976975,3.35375089,1985.77,33.30544969,22.52341543,30.29677097,6.543265742,7.331098167,2019
Iowa,West North Central,3238467,77800,58733,32016.46091,56.9,155713,194122,921405,7.907054987,19.74484619,20.39439769,17.10084056,11.03966225,8.118145658,8.771387175,3.382551647,2.420542541,0.566200531,0.337310954,0.07119562,0.146081256,55.70316051,24.00582392,12.36690719,4.531702956,3.392405419,2099.12,32.38687049,22.55270415,31.47400631,6.200807318,7.385611725,2019
Kansas,West North Central,2960470,77272,56285,30908.8,36.1,158511,199864,771165,10.82868128,19.40362957,16.99039765,16.31687123,10.90337347,7.645575201,9.222280575,4.16188494,3.157041619,0.742901973,0.359974843,0.100626973,0.166890354,54.73584779,24.35534858,12.57291295,4.78952358,3.546367101,2061.62,31.9961899,22.54928403,31.81762456,6.33102069,7.305880823,2019
Kentucky,East South Central,4571081,69026,49416,28173.87755,111.7,149462,192617,1218876,11.65130825,18.56439868,19.99957338,16.98622337,10.06033428,7.432093174,7.736143791,3.126076812,2.675005497,1.056957394,0.461408708,0.106819726,0.143738986,57.42890442,23.39878763,11.15111547,4.80066995,3.220522529,1952.55,34.2729582,22.83289452,28.52251126,6.866689522,7.5049465,2019
Louisiana,West South Central,4799794,67888,46081,26727.55906,102.3,166565,206456,1175120,11.27680577,15.97326231,16.53329022,18.76421131,11.83870583,9.113111852,8.100704609,3.433947171,3.09551365,0.934968344,0.516117503,0.153090748,0.266270679,57.15699657,23.29672817,11.35527212,4.832276349,3.358726788,1898.36,35.03814571,22.29442938,28.27310601,6.811490507,7.582828397,2019
Maine,New England,1318058,74146,55405,31822.3176,42.1,195181,242160,389842,6.837898431,11.80632154,15.48088713,17.56839951,13.63116339,10.94956418,11.914314,5.242636761,4.132956429,1.332334638,0.581004612,0.217267508,0.305508385,54.15871951,24.40783514,13.01586636,4.974394444,3.443184544,1955.93,32.11263181,22.13407863,30.75415137,7.383771542,7.615366658,2019
Maryland,South Atlantic,6053858,111446,81438,42374.90494,616.6,325415,391587,1490030,2.386394905,3.852070093,5.957598169,8.808883043,11.28856466,12.35505325,21.05595189,13.31295343,13.42899136,4.272262975,2.015731227,0.545156809,0.72038818,48.24121374,26.63089127,15.07005673,5.688164649,4.369673601,2690.4,30.94274457,22.67924819,33.63564942,6.406796532,6.33556128,2019
Massachusetts,New England,6886528,112030,79386,44812,849.5,420337,523594,1615309,0.911404567,1.005008949,2.845461766,5.653531306,7.652715363,9.196940028,19.52165189,15.80013483,21.54021305,8.126370868,4.579371501,1.402332309,1.764925472,48.17237561,27.10146763,14.88472098,5.693331142,4.148104639,2623.82,32.00600611,23.64607186,32.22108849,6.014776392,6.112057149,2019
Michigan,East North Central,9984784,78069,55858,31479.43548,172.5,171487,211816,2769601,9.778159381,15.57440945,17.02703747,17.73240983,11.63395016,8.816324084,10.20352751,4.584378761,2.972883098,0.916052529,0.449306597,0.122219771,0.189377459,56.14293201,24.13318743,11.47676271,4.739202508,3.507915344,2063.93,33.58093234,22.44388707,30.35013943,6.43568651,7.189354649,2019
Minnesota,West North Central,5708733,93534,69588,37563.85542,66.4,240910,283909,1609376,3.676455968,6.964189847,9.594463941,16.52565963,16.18099189,13.9147098,16.61066152,8.203552184,5.709542083,1.428690374,0.670881137,0.229840634,0.290423121,52.02665483,25.40259417,13.68299574,5.180486085,3.707269177,2408.22,30.52926305,22.57410849,33.02188885,6.664066838,7.210672778,2019
Mississippi,East South Central,3035402,61476,43954,23827.90698,63.9,124255,161068,773994,16.917573,24.27951638,18.1467815,15.60683933,9.049294956,6.041778102,5.498750636,1.696266379,1.616291599,0.493673078,0.397548301,0.072997982,0.182688755,59.07371507,21.89933845,10.91792473,4.841277534,3.267744202,1786.95,36.08772727,21.87449012,27.74059514,6.819489705,7.477697766,2019
Missouri,West North Central,6266636,75402,54457,30651.21951,88.8,167741,214176,1646219,8.643139218,16.61820207,18.47676403,17.64862391,11.10338296,8.763111105,9.936405788,3.77884109,2.849013406,1.089769952,0.611522525,0.221841687,0.259503748,55.6890531,24.19142125,11.95867929,4.753351636,3.407494729,2018.76,32.92910091,22.68048297,30.50561678,6.623576329,7.261223013,2019
Montana,Mountain,1082892,72152,53086,30702.97872,7.2,236070,292064,301869,7.253808771,8.145255061,9.826116627,14.24823351,14.59176,12.93938762,15.57695557,7.027220417,6.255693695,1.916062928,1.111740523,0.463446064,0.644319225,54.39242579,24.15497179,13.38765606,4.753669079,3.311277273,1956.3,32.20943768,22.12039801,31.19696271,6.779360736,7.693840858,2019
Nebraska,West North Central,1964646,79513,59415,32191.49798,25.1,169097,207059,503569,7.183722588,14.93539118,20.68653948,18.835949,12.2702152,8.901064204,9.340924481,3.785181375,2.659615663,0.731975161,0.423179346,0.08598623,0.160256092,54.53030467,24.04697292,13.19569454,4.659901466,3.567126403,2146,31.73952309,22.42190228,32.22751592,6.140730424,7.470328285,2019
Nevada,Mountain,3098198,80187,59126,29920.52239,27.1,280018,331176,647531,3.206332979,3.264399697,5.735787167,11.22046666,16.49727967,16.78282584,21.55356269,10.15920473,7.711599908,1.95728081,0.996091307,0.333574763,0.581439344,53.81373454,24.80898871,12.94945954,4.952830189,3.474987017,2116.12,33.16519704,22.30898954,31.02912237,6.443828732,7.052862322,2019
New Hampshire,New England,1374725,96810,73393,39514.28571,147.2,272709,318676,373680,3.527349604,3.814226076,6.910190537,13.33467138,14.61410833,17.17324984,20.84992507,9.069792336,7.215799615,1.744005566,0.918700492,0.283932777,0.544583601,50.51007866,25.7882819,14.37273088,5.476609182,3.852299372,2402.16,29.98172653,22.4610376,33.12098299,7.280298257,7.155954631,2019
New Jersey,Middle Atlantic,8981809,118855,83750,44184.01487,1204.8,347205,426424,2045661,1.747161431,2.474212492,5.189276229,9.096766278,10.28919259,11.50733186,20.54020681,13.49764208,16.19667188,5.319356433,2.320961293,0.692587873,1.12863275,46.32011727,27.53198312,15.75855821,5.780135317,4.609206082,2754.52,31.82796916,23.57049401,32.84959541,5.879419565,5.87252185,2019
New Mexico,Mountain,2155731,66531,46834,25988.67188,17.4,181585,242739,562165,9.605364973,12.28073608,16.26444193,18.75819377,12.88607437,8.395755695,10.05612231,4.590467212,3.390107886,1.529977853,1.337151904,0.325705087,0.579723035,55.65865174,24.14022161,11.94009296,4.915241331,3.345792364,1806.47,34.20396658,22.89613304,29.10822695,6.486007972,7.305665457,2019
New York,Middle Atlantic,19152053,97822,65344,37623.84615,413.7,321421,457240,3803018,4.14717995,9.707500727,10.63397544,9.505634735,7.351477169,6.147617497,11.70194304,10.27823166,14.85020581,6.927051095,4.435056579,1.518425629,2.795726973,49.81659834,26.32735402,14.16767129,5.675846154,4.012530196,2315.43,33.97049893,23.83050949,29.71396797,5.914376904,6.570646708,2019
North Carolina,South Atlantic,10497023,76429,54010,30694.37751,208.8,187451,247858,2654812,7.069351803,13.65230382,16.9701282,16.43235001,11.18911622,9.217601849,10.9768978,5.996281469,5.459972307,1.675636542,0.832940336,0.221710615,0.305671362,55.46151688,23.84106774,12.19478817,5.042467842,3.460159363,2086.36,33.2391577,22.22019214,30.30753757,6.851853781,7.381258806,2019
North Dakota,West North Central,794078,80826,60985,35141.73913,11.2,196123,229103,208549,9.619322078,12.06766755,13.0688711,16.52561269,14.04130444,12.17363785,12.47093009,4.597480688,3.777049998,0.944622127,0.43203276,0.124191437,0.157277187,53.10747157,24.85163779,14.13740742,4.544996746,3.358486473,2210.11,30.77986206,22.41588467,32.60009075,6.426045141,7.778117388,2019
Ohio,East North Central,11729393,75515,54957,31076.13169,284.9,153736,194519,3058593,7.496747688,20.03842943,21.16970123,17.33198892,10.94702695,7.719235609,7.924460692,3.407677975,2.673386096,0.731708992,0.342968156,0.075949955,0.140750992,56.13147162,24.43996632,11.28616237,4.699526807,3.442872884,1985.16,33.70521717,22.54871536,30.35592977,6.343514182,7.046623518,2019
Oklahoma,West South Central,4036087,69476,50700,27569.84127,57.6,147565,188122,1024761,11.34635295,20.31849378,19.27395754,17.8546022,9.737782761,7.099118721,7.231735009,2.996601159,2.571331267,0.914164376,0.379600707,0.11017203,0.166087507,57.28578011,23.36388682,11.36707694,4.69978912,3.28346701,1926.2,33.70886004,22.90629059,29.27308348,6.666260564,7.445505332,2019
Oregon,Pacific,4228954,83865,60504,33680.72289,42.5,348976,401501,1009470,3.977235579,2.72321119,4.118695949,7.43083004,9.225534191,11.6425451,22.21888714,15.74469771,16.33956433,3.692729848,1.861967171,0.366132723,0.657969033,53.51649132,25.24237159,12.83044237,4.935153589,3.475541144,2158.32,32.95527305,22.7410564,30.86195166,6.444368845,6.997350045,2019
Pennsylvania,Middle Atlantic,13002487,83746,59061,34182.04082,286.5,194418,248223,3454047,6.015812755,13.1832022,15.56165854,17.15457259,12.33749859,9.871463822,11.9161957,6.096558617,5.406180055,1.309999545,0.680129715,0.188619321,0.278166452,53.87116907,25.31177721,12.29710624,4.954390802,3.565556682,2147.6,33.14101884,22.76176518,30.70319802,6.425942725,6.968075234,2019
Rhode Island,New England,1002701,87956,64334,35900.40816,979.5,266542,327059,233956,1.633213083,1.531911983,5.733984168,16.93138881,19.47973123,14.17531502,19.99777736,9.029048197,7.439433056,2.414556583,0.814683103,0.19277129,0.62618612,52.75018899,25.56635883,13.00735404,5.207749092,3.468349051,2127.75,33.13435775,23.56891427,30.45403356,6.232807587,6.60988683,2019
South Carolina,South Atlantic,5140797,71514,51178,28605.6,162.8,176507,237597,1372817,10.68052042,14.73787111,16.01036409,16.16799617,11.1828452,8.312032849,9.65627611,5.266907388,4.696620161,1.656739391,0.88110797,0.341341927,0.409377215,56.5971817,23.37537019,11.70765766,5.002877516,3.316912928,1994.38,34.33625291,22.22159319,29.50900691,6.709751376,7.223395615,2019
South Dakota,West North Central,901076,73779,55693,30361.7284,11.4,178246,216111,240873,10.18005339,13.61962528,15.02036343,19.79009686,13.90193172,8.536448668,10.43205341,3.308382426,3.209990327,1.159117045,0.43965077,0.190972006,0.21089952,54.0634782,23.96119968,14.07767344,4.506806435,3.390842251,2021.74,31.56783848,22.42874455,31.8072365,6.46969228,7.726488194,2019
Tennessee,East South Central,6869277,73401,52313,29478.31325,160.6,183239,241131,1787678,7.087014552,15.29783328,16.23351633,17.12103634,11.76453478,9.191700071,10.21134679,5.251840656,4.850034514,1.560180301,0.839412914,0.250828169,0.340665377,56.26386912,23.74734767,11.78218416,4.832588771,3.374010288,2023.96,33.25689527,22.46912044,29.71393516,7.009687322,7.55036181,2019
Texas,West South Central,29380350,85346,59717,30700,106.9,190470,249537,6404823,8.102269181,14.39591695,14.82456268,15.66252494,11.88669851,9.205703265,11.77344011,6.030190061,5.026430863,1.462554078,0.904302898,0.293403893,0.432002571,53.76763612,24.21890084,12.97096443,5.290598987,3.751899621,2303.71,32.79029938,22.2904128,30.98020714,6.653199927,7.285880757,2019
Utah,Mountain,3258449,89466,69216,28583.38658,36.7,297678,353455,713083,2.846653195,2.019961211,4.957206945,10.92705898,15.28265293,14.64654185,22.98203715,12.01220615,9.557793413,2.687485188,1.152740985,0.355919297,0.5717427,50.67278389,25.92371963,14.03821177,5.518157367,3.847127342,2303.47,29.97434594,22.34060503,33.7034044,6.869081766,7.112562862,2019
Vermont,New England,647545,78783,57246,33812.44635,66.8,230126,276732,184346,4.533323207,6.666811322,12.32519284,17.36951168,15.11180064,12.19771517,15.65534376,7.643236089,5.793996073,1.52810476,0.693804042,0.203964285,0.277196142,52.74675745,25.44988133,13.23391911,4.961760687,3.607681427,2010.84,31.67481071,22.26532128,31.39314586,7.181139407,7.485582746,2019
Virginia,South Atlantic,8519314,103226,73712,40322.65625,212.9,287311,367193,2141261,3.893313333,5.996980284,8.896953711,12.44561032,11.17514399,10.17400494,15.35567126,10.20179231,13.80303475,5.075467213,1.911490472,0.522962871,0.547574537,50.74375105,25.92534445,13.73018007,5.526487264,4.074237163,2640.08,31.14071316,22.71702253,32.8818031,6.600592581,6.659868625,2019
Washington,Pacific,7397847,99108,73321,39018.89764,108.1,366241,454309,1806048,3.157723383,2.764599833,4.478009444,6.709899183,9.099536668,11.11271683,19.13841714,13.63834184,17.31249668,7.094883414,3.476153458,0.881261185,1.135905579,51.5506807,25.47727132,13.88166209,5.28306533,3.807320558,2497.66,31.72405405,22.57212914,32.16252546,6.644707977,6.896583378,2019
West Virginia,South Atlantic,1890256,61433,43764,25812.18487,78.1,123054,158174,549989,16.3977825,25.2470504,18.12108969,15.82649835,8.339621338,5.90284533,5.952482686,1.821490975,1.554394724,0.367461895,0.237641116,0.071274153,0.160730487,58.17026692,23.77100714,10.4633645,4.619579493,2.975781948,1831.39,34.84522447,23.71771831,26.58401357,7.062244419,7.790799227,2019
Wisconsin,East North Central,5876667,79172,59089,32715.70248,103.8,193829,237031,1570396,3.989694319,11.38833772,18.40644016,18.49858252,13.6373246,11.47392123,12.05740463,4.837824345,3.823621558,1.11347711,0.447339397,0.133151129,0.192944964,55.02530586,24.5924731,12.18007351,4.771194004,3.430953529,2071.4,32.23340126,22.51673884,31.255868,6.651989568,7.342002331,2019
Wyoming,Mountain,601222,76739,58783,31450.40984,6.1,217321,285287,164645,8.787391053,5.742658447,11.79203741,18.30908925,15.49758571,11.47742112,13.12703088,6.213975523,4.627531963,1.497767925,1.379938656,0.484679158,1.062285523,53.0332233,25.57288894,13.03961239,4.938771164,3.415504206,2015.39,31.03405529,22.71060974,31.98075235,6.829779214,7.444803412,2019